,MSSubClass,MSZoning,Neighborhood,OverallQual,OverallCond,YearRemodAdd,RoofStyle,MasVnrType,BsmtQual,BsmtExposure,HeatingQC,CentralAir,1stFlrSF,GrLivArea,BsmtFullBath,KitchenQual,Fireplaces,FireplaceQu,GarageType,GarageFinish,GarageCars,PavedDrive,LotFrontage,YrSold,SalePrice
615,85,RL,NAmes,6,7,1963,Gable,BrkFace,TA,Gd,Ex,Y,1054,1054,1,Gd,0,,Attchd,RFn,2,Y,80.0,2010,137500
613,20,RL,Mitchel,5,5,2007,Gable,None,Gd,No,Ex,Y,1120,1120,0,TA,0,,,,0,Y,70.0,2007,147000
1303,20,RL,Somerst,7,5,2005,Gable,BrkFace,Gd,Av,Ex,Y,1616,1616,0,Gd,0,,Attchd,RFn,3,Y,73.0,2006,232000
486,20,RL,NAmes,5,7,1965,Hip,BrkFace,TA,No,TA,Y,1073,1073,1,TA,0,,Attchd,RFn,2,Y,79.0,2007,156000
561,20,RL,Mitchel,5,5,1975,Gable,None,Gd,Av,Gd,Y,1389,1389,1,TA,1,TA,Attchd,RFn,2,Y,77.0,2006,170000
308,30,RL,Edwards,4,5,1950,Gable,None,TA,No,Ex,Y,861,861,0,TA,0,,Detchd,Unf,2,Y,,2009,82500
461,70,RL,SWISU,7,9,2007,Gable,None,Gd,No,Ex,Y,575,1135,1,Gd,0,,Detchd,RFn,2,Y,60.0,2009,155000
1142,60,RL,CollgCr,8,5,2007,Hip,Stone,Ex,Gd,Ex,Y,1466,2828,1,Gd,1,TA,BuiltIn,RFn,3,Y,77.0,2007,424870
730,120,RL,StoneBr,8,5,1996,Gable,None,Gd,No,Ex,Y,1616,1616,1,Gd,1,TA,Attchd,RFn,2,Y,39.0,2010,236500
1155,20,RL,Veenker,5,8,2004,Gable,None,Gd,Gd,TA,Y,1437,1437,1,Gd,1,Fa,Attchd,RFn,2,Y,90.0,2007,218000
1203,20,RL,CollgCr,7,5,2001,Gable,BrkFace,Gd,No,Ex,Y,1630,1630,0,Gd,1,TA,Attchd,Unf,2,Y,75.0,2009,213000
700,20,RL,Timber,8,5,2002,Hip,BrkFace,Ex,Gd,Ex,Y,1800,1800,1,Gd,1,Gd,Attchd,Fin,3,Y,85.0,2006,312500
849,80,RL,Veenker,6,7,1994,Hip,BrkFace,TA,No,Ex,Y,1094,1855,0,TA,1,TA,Attchd,RFn,2,Y,80.0,2007,187000
1260,60,RL,Gilbert,6,5,1999,Gable,None,Gd,No,Ex,Y,892,1675,0,TA,1,TA,BuiltIn,Fin,2,Y,,2009,181000
787,60,RL,SawyerW,7,5,2004,Gable,None,Gd,No,Ex,Y,956,2084,1,Gd,0,,BuiltIn,RFn,2,Y,76.0,2010,233000
352,50,RL,Edwards,5,6,1950,Gable,None,TA,Mn,TA,N,616,1111,0,TA,0,,Detchd,Unf,1,Y,60.0,2008,95000
710,30,RL,BrkSide,3,6,2003,Gable,None,TA,No,Gd,Y,729,729,0,TA,0,,,,0,N,56.0,2008,52000
124,20,RL,NWAmes,6,5,1998,Gable,None,Gd,No,TA,Y,1586,1586,0,TA,1,TA,Attchd,Unf,2,Y,48.0,2009,181000
178,20,RL,StoneBr,9,5,2009,Hip,Stone,Ex,No,Ex,Y,2234,2234,1,Ex,1,Gd,Attchd,Fin,3,Y,63.0,2009,501837
287,20,RL,NAmes,4,4,1971,Gable,None,TA,No,TA,Y,858,858,0,TA,0,,,,0,Y,,2006,88000
1407,20,RL,Mitchel,5,5,1985,Gable,None,TA,No,Ex,Y,833,833,1,TA,0,,,,0,Y,,2009,112000
1208,20,RL,NAmes,5,7,1980,Gable,None,TA,No,TA,Y,1283,1283,1,TA,0,,Detchd,Unf,2,Y,70.0,2008,140000
294,20,RL,NAmes,6,5,1953,Hip,Stone,TA,No,TA,Y,1644,1644,1,TA,2,Gd,Attchd,Fin,2,Y,80.0,2009,167000
327,20,RL,NAmes,6,5,1960,Hip,BrkFace,TA,No,TA,Y,1383,1383,0,TA,0,,Attchd,RFn,1,Y,80.0,2006,145250
1456,20,RL,NWAmes,6,6,1988,Gable,Stone,Gd,No,TA,Y,2073,2073,1,TA,2,TA,Attchd,Unf,2,Y,85.0,2010,210000
841,70,RM,OldTown,5,8,2002,Gable,None,TA,No,Gd,Y,958,1539,0,Gd,1,Po,Detchd,Unf,2,P,60.0,2008,157500
1121,20,RL,CollgCr,7,5,2006,Gable,BrkFace,Gd,Av,Ex,Y,1552,1552,0,Gd,0,,Attchd,RFn,3,Y,84.0,2006,212900
931,20,RL,NAmes,5,6,1965,Gable,None,TA,No,Ex,Y,925,925,0,TA,0,,Detchd,Unf,1,Y,70.0,2009,117500
236,20,RL,CollgCr,7,5,2004,Gable,BrkFace,Gd,Av,Ex,Y,1414,1414,0,Gd,0,,Attchd,RFn,2,Y,65.0,2010,185500
88,50,C (all),IDOTRR,3,2,1982,Hip,None,TA,No,TA,N,1013,1526,0,Fa,0,,,,0,N,105.0,2009,85000
886,90,RL,NAmes,5,5,2005,Gable,BrkFace,TA,No,Ex,Y,1712,1712,0,TA,0,,Attchd,Fin,2,Y,70.0,2006,145000
552,20,RL,NridgHt,8,5,2006,Gable,Stone,Ex,Av,Ex,Y,1717,1717,0,Gd,1,Gd,Attchd,RFn,3,Y,87.0,2009,255500
630,70,RM,OldTown,5,6,1991,Gable,None,Fa,No,TA,Y,1089,1750,0,Ex,0,,Detchd,Unf,1,N,50.0,2006,124000
1352,50,RM,BrkSide,6,9,2000,Gable,None,TA,No,TA,Y,786,1176,0,TA,0,,Detchd,Unf,2,N,50.0,2009,134900
665,60,RL,Gilbert,8,5,2000,Gable,BrkFace,Gd,No,Ex,Y,1454,1936,0,Gd,1,TA,Attchd,RFn,2,Y,106.0,2006,230500
900,20,RL,NAmes,4,6,1971,Gable,None,TA,No,TA,Y,858,858,0,TA,0,,Detchd,Unf,1,Y,,2007,110000
290,60,RL,CollgCr,8,5,2006,Gable,None,Gd,Av,Ex,Y,1079,1919,0,Gd,1,Gd,Attchd,RFn,2,Y,120.0,2006,233230
1382,70,RM,OldTown,7,7,1950,Hip,None,Fa,No,Ex,Y,998,1762,1,Gd,0,,Detchd,Unf,2,N,60.0,2006,157000
570,90,RL,NAmes,5,5,1965,Gable,BrkFace,TA,No,TA,Y,1728,1728,0,TA,0,,Detchd,Unf,2,Y,74.0,2008,142600
348,160,RL,NridgHt,7,5,2004,Gable,Stone,Gd,No,Ex,Y,764,1626,1,Gd,0,,BuiltIn,RFn,2,Y,36.0,2008,154000
544,60,RL,Gilbert,7,5,2006,Gable,None,Gd,Av,Ex,Y,664,1496,1,Gd,1,Gd,Attchd,RFn,2,Y,58.0,2006,179665
1376,30,RL,SWISU,6,5,1950,Gable,None,Gd,Mn,TA,N,790,790,0,TA,0,,Detchd,Unf,1,Y,52.0,2008,91000
660,60,RL,NWAmes,7,7,1976,Gable,BrkFace,Gd,No,TA,Y,1142,1935,0,TA,1,TA,Attchd,RFn,2,Y,,2007,197900
1111,60,RL,NWAmes,7,6,1976,Hip,BrkFace,TA,No,TA,Y,1098,1964,0,TA,1,Gd,Attchd,RFn,2,Y,80.0,2008,205000
458,70,RM,OldTown,8,7,1996,Hip,None,TA,No,Fa,Y,833,1666,0,Gd,1,Gd,Detchd,Unf,1,Y,,2008,161000
1005,80,RL,CollgCr,5,8,1977,Gable,BrkFace,Gd,Av,TA,Y,985,985,0,TA,0,,Attchd,Unf,1,Y,65.0,2008,149900
333,120,RM,NridgHt,7,5,2004,Gable,Stone,Gd,Av,Ex,Y,1358,1358,1,Gd,1,Gd,Attchd,RFn,2,Y,59.0,2008,207000
721,120,RM,CollgCr,6,5,2004,Gable,BrkFace,Gd,Av,Ex,Y,848,848,1,Gd,0,,Attchd,RFn,2,Y,,2010,143000
1289,60,RL,NridgHt,8,5,2006,Gable,Stone,Gd,Mn,Ex,Y,1120,1970,0,Ex,1,Gd,BuiltIn,Fin,3,Y,86.0,2006,281000
678,20,RL,StoneBr,8,5,2008,Hip,Stone,Ex,Mn,Ex,Y,2046,2046,0,Gd,1,Gd,Attchd,Fin,3,Y,80.0,2009,372500
1354,60,RL,CollgCr,7,5,2000,Gable,None,Gd,No,Ex,Y,992,1865,1,Gd,1,TA,Attchd,RFn,3,Y,,2008,235000
328,75,RL,BrkSide,6,6,1994,Gable,None,TA,No,Gd,N,1445,2134,0,Gd,0,,Detchd,Unf,2,Y,,2009,214500
318,60,RL,NoRidge,7,5,1993,Gable,BrkFace,Gd,Gd,Ex,Y,1372,2646,1,Gd,1,TA,Attchd,RFn,3,Y,90.0,2009,260000
1438,20,RM,OldTown,6,7,1996,Gable,None,TA,No,TA,Y,1236,1236,1,TA,0,,Attchd,Unf,2,Y,90.0,2010,149700
908,20,RL,Mitchel,5,5,1983,Gable,None,Gd,Av,TA,Y,902,902,1,TA,0,,Attchd,Unf,2,Y,,2006,131000
12,20,RL,Sawyer,5,6,1962,Hip,None,TA,No,TA,Y,912,912,1,TA,0,,Detchd,Unf,1,Y,,2008,144000
171,20,RL,NAmes,6,5,1960,Hip,Stone,TA,Gd,Fa,Y,1656,1656,1,TA,2,Gd,Attchd,Fin,2,P,141.0,2010,215000
260,80,RL,NAmes,6,5,1962,Gable,BrkFace,TA,Gd,TA,Y,1382,1382,1,TA,1,TA,Attchd,Unf,2,Y,120.0,2009,176000
778,90,RH,SawyerW,5,5,1977,Gable,BrkFace,,,TA,Y,2020,2020,0,TA,2,TA,Detchd,Unf,2,Y,60.0,2007,144000
818,80,RL,ClearCr,6,7,1971,Gable,BrkFace,TA,Av,Gd,Y,1052,1052,1,TA,0,,Attchd,Unf,2,Y,80.0,2010,155000
759,60,RL,NoRidge,8,5,1995,Gable,BrkFace,Gd,Av,Ex,Y,1328,2531,0,Gd,1,TA,Attchd,RFn,3,Y,65.0,2007,290000
138,60,RL,CollgCr,8,5,2000,Gable,BrkFace,Gd,Mn,Ex,Y,1004,1852,0,Gd,2,TA,Attchd,Fin,3,Y,73.0,2008,230000
1209,20,RL,Somerst,8,5,2006,Hip,Stone,Ex,Mn,Ex,Y,1660,1660,1,Gd,1,Gd,Attchd,RFn,2,Y,85.0,2006,290000
885,120,FV,Somerst,9,5,2000,Gable,BrkFace,Ex,Av,Ex,Y,1709,1709,1,Gd,1,TA,Attchd,Fin,2,Y,50.0,2008,328900
741,20,RL,Sawyer,6,8,1996,Hip,None,TA,Mn,Gd,Y,912,912,1,Gd,0,,Detchd,Unf,1,Y,65.0,2008,142000
139,60,RL,CollgCr,6,5,1997,Gable,None,Gd,No,Ex,Y,928,1764,1,Gd,0,,Attchd,RFn,2,Y,65.0,2009,231500
1276,60,RL,NWAmes,6,6,1972,Gable,None,TA,No,TA,Y,735,1395,0,TA,1,TA,Attchd,Unf,2,Y,,2009,162000
1081,20,RL,Sawyer,5,5,1963,Gable,None,TA,No,Fa,Y,1040,1040,1,TA,0,,Attchd,Fin,1,Y,75.0,2010,133000
224,20,RL,NridgHt,10,5,2003,Hip,BrkFace,Ex,Gd,Ex,Y,2392,2392,0,Ex,1,Ex,Attchd,Fin,3,Y,103.0,2009,386250
1063,30,RM,OldTown,6,6,1980,Gable,None,TA,No,Gd,Y,1103,1103,0,Gd,1,Gd,Detchd,Unf,2,Y,50.0,2006,110500
409,60,FV,Somerst,8,5,2008,Gable,Stone,Ex,No,Ex,Y,1050,2078,1,Ex,1,Gd,Attchd,Fin,3,Y,85.0,2008,339750
325,45,RM,IDOTRR,5,6,1950,Gable,None,TA,Av,Po,N,803,803,0,TA,0,,Detchd,Unf,2,Y,50.0,2007,87000
299,20,RL,Crawfor,6,8,2004,Gable,None,TA,No,Ex,Y,1152,1152,0,Gd,1,Gd,Attchd,Unf,1,Y,80.0,2009,158500
1242,85,RL,NWAmes,7,6,1974,Gable,BrkFace,Gd,Gd,TA,Y,1173,1173,1,Gd,2,TA,Attchd,RFn,2,Y,85.0,2010,170000
705,190,RM,IDOTRR,4,5,1950,Hip,None,,,Fa,N,372,1092,0,Fa,0,,,,0,N,70.0,2010,55000
1235,70,RL,Crawfor,5,5,1950,Gable,None,Gd,Mn,Gd,Y,892,1784,0,TA,0,,Detchd,Unf,1,N,96.0,2006,138887
1355,80,RL,NWAmes,7,6,1992,Gable,BrkFace,TA,No,Gd,Y,1222,1920,0,Gd,1,TA,Attchd,RFn,2,Y,102.0,2006,170000
903,20,RL,Gilbert,7,5,2006,Hip,BrkFace,Gd,No,Ex,Y,1670,1670,0,Gd,1,Gd,Attchd,RFn,3,Y,50.0,2006,240000
829,160,FV,Somerst,7,5,2005,Gable,None,Gd,No,Ex,Y,520,1223,0,Gd,0,,Detchd,RFn,2,Y,24.0,2006,147400
503,20,RL,Crawfor,7,8,1997,Gable,None,TA,No,TA,Y,1801,1801,1,TA,2,TA,Attchd,Fin,2,Y,100.0,2010,289000
1336,90,RL,NWAmes,5,5,1973,Gable,BrkFace,TA,No,TA,Y,1656,1656,0,TA,0,,Detchd,Unf,2,Y,87.0,2008,135000
3,70,RL,Crawfor,7,5,1970,Gable,None,TA,No,Gd,Y,961,1717,1,Gd,1,Gd,Detchd,Unf,3,Y,60.0,2006,140000
1313,60,RL,NoRidge,9,5,1999,Gable,BrkFace,Gd,No,Ex,Y,1422,2599,0,Gd,1,TA,BuiltIn,Fin,3,Y,108.0,2010,333168
467,70,RL,NAmes,5,7,1995,Gable,Stone,TA,No,Ex,Y,888,1644,0,Gd,2,Gd,Attchd,Unf,1,Y,79.0,2007,146500
321,60,RL,NridgHt,8,5,2004,Gable,BrkFace,Ex,Av,Ex,Y,1136,2468,1,Gd,1,Gd,BuiltIn,Fin,3,Y,99.0,2007,354000
5,50,RL,Mitchel,5,5,1995,Gable,None,Gd,No,Ex,Y,796,1362,1,TA,0,,Attchd,Unf,2,Y,85.0,2009,143000
1239,20,RL,Timber,8,5,2006,Hip,BrkFace,Gd,Av,Ex,Y,1484,1484,0,Ex,1,Gd,Attchd,RFn,2,Y,64.0,2007,265900
1093,20,RL,NAmes,5,8,1998,Hip,BrkFace,TA,Mn,Gd,Y,1200,1200,1,Gd,0,,Detchd,Unf,2,Y,71.0,2006,146000
715,20,RL,NWAmes,6,5,1974,Hip,BrkFace,Gd,No,TA,Y,1350,1350,0,TA,1,TA,Attchd,RFn,2,Y,78.0,2009,165000
39,90,RL,Edwards,4,5,1955,Gable,None,,,TA,N,1152,1152,0,Fa,0,,,,0,N,65.0,2008,82000
542,20,RL,NWAmes,7,5,1999,Hip,None,Ex,No,Ex,Y,1680,1680,1,Gd,1,TA,Attchd,Fin,2,Y,78.0,2009,213250
242,50,RM,OldTown,5,4,1950,Gable,None,TA,No,Gd,N,889,1440,0,TA,0,,Attchd,Unf,1,Y,63.0,2006,79000
136,20,RL,NAmes,5,5,1967,Gable,BrkFace,TA,No,TA,Y,1214,1214,0,TA,1,Fa,Attchd,RFn,1,Y,,2007,143000
714,60,RL,Sawyer,6,8,2005,Gable,BrkFace,TA,No,Ex,Y,725,1479,0,Gd,0,,Attchd,RFn,2,Y,,2010,130500
737,60,RL,Gilbert,8,5,2005,Gable,None,Gd,No,Ex,Y,901,1801,0,Gd,1,Gd,Attchd,Fin,3,Y,72.0,2006,239900
1301,70,RL,Crawfor,6,7,1950,Gable,None,TA,No,Fa,Y,753,1494,0,Gd,2,Gd,Attchd,Unf,1,P,,2009,177500
1043,60,RL,SawyerW,7,5,1990,Hip,BrkFace,Gd,No,Ex,Y,1532,2329,1,Gd,1,Ex,Attchd,Unf,2,Y,86.0,2008,262280
1330,20,RL,Somerst,8,5,2006,Hip,Stone,Gd,Av,Ex,Y,1588,1588,0,Gd,1,Gd,Attchd,RFn,3,Y,85.0,2007,227000
1103,20,RL,NAmes,6,6,1959,Hip,None,TA,Mn,Ex,Y,1194,1194,0,TA,1,Fa,BuiltIn,Fin,2,Y,79.0,2006,159500
752,20,RL,CollgCr,6,5,1997,Gable,None,Gd,Gd,Ex,Y,1494,1494,1,Gd,0,,Attchd,RFn,2,Y,79.0,2006,217000
1353,50,RL,NoRidge,8,5,1996,Hip,BrkFace,Gd,Av,Ex,Y,2053,3238,1,Gd,1,Ex,Attchd,Fin,3,Y,56.0,2010,410000
376,85,RL,CollgCr,5,5,1996,Gable,None,Gd,Av,Ex,Y,914,914,0,TA,0,,Detchd,Unf,2,Y,57.0,2006,148000
314,70,RM,OldTown,7,7,1990,Gable,None,TA,No,Ex,Y,832,1641,0,Ex,1,Gd,Detchd,Unf,2,Y,60.0,2006,178000
442,50,RM,BrkSide,5,7,1992,Gable,None,TA,No,TA,Y,1128,1573,0,TA,1,Gd,Detchd,Unf,2,P,52.0,2008,162900
319,80,RL,NWAmes,7,5,1980,Gable,BrkFace,Gd,Av,TA,Y,1472,1472,1,TA,2,TA,Attchd,Unf,2,Y,,2009,187500
767,50,RL,Mitchel,6,7,1985,Gable,None,Gd,Mn,Ex,Y,983,1750,1,TA,0,,Attchd,Unf,1,Y,75.0,2008,160000
756,60,RL,CollgCr,8,5,2007,Gable,None,Gd,Av,Ex,Y,866,1768,0,Gd,0,,Attchd,RFn,2,Y,68.0,2009,212000
424,20,RL,NAmes,6,5,1956,Gable,BrkFace,Gd,No,Gd,Y,1196,1196,1,TA,1,Gd,Attchd,RFn,1,Y,72.0,2008,139000
553,20,RL,Edwards,4,5,2003,Gable,None,,,Ex,Y,1126,1126,0,Gd,0,,Detchd,Fin,2,N,67.0,2009,108000
1035,20,RL,Edwards,4,3,1957,Gable,None,,,Ex,N,845,845,0,TA,0,,Detchd,Unf,1,N,,2009,84000
953,60,RL,Mitchel,5,4,1969,Gable,BrkFace,TA,Av,Ex,Y,1168,1968,0,TA,1,Po,Attchd,RFn,2,Y,,2008,172000
1185,50,RL,Edwards,5,7,1950,Gable,None,TA,No,Gd,Y,949,1221,1,TA,0,,Attchd,Unf,1,Y,60.0,2006,104900
596,70,RM,OldTown,6,7,1993,Gable,None,TA,No,Ex,N,684,1368,0,TA,0,,Detchd,Unf,1,N,60.0,2006,114504
227,160,RM,BrDale,6,6,1970,Gable,BrkFace,TA,No,TA,Y,483,987,0,TA,0,,Detchd,Unf,1,Y,21.0,2008,106000
1106,20,RL,SawyerW,7,5,1991,Hip,None,Gd,Mn,Gd,Y,1442,1442,1,Gd,1,TA,Attchd,Fin,2,Y,114.0,2007,179900
771,20,RL,Edwards,4,5,1951,Gable,None,Fa,No,TA,Y,1220,1220,0,TA,0,,Detchd,Unf,2,Y,67.0,2006,102000
933,20,RL,CollgCr,7,5,2004,Gable,BrkFace,Gd,Av,Ex,Y,1500,1500,0,Gd,0,,Attchd,RFn,2,Y,63.0,2009,190000
1417,60,RL,NoRidge,8,5,1998,Gable,BrkFace,Gd,Mn,Ex,Y,1310,2450,1,Gd,1,TA,Attchd,Fin,3,Y,,2009,340000
66,20,RL,NAmes,7,5,1989,Gable,BrkFace,Gd,Gd,TA,Y,2207,2207,1,TA,1,Gd,Attchd,RFn,2,Y,,2010,180000
999,20,RL,CollgCr,7,5,2006,Gable,Stone,Gd,Av,Ex,Y,1208,1208,1,Gd,0,,Attchd,RFn,2,Y,64.0,2010,206000
579,50,RM,OldTown,5,5,1954,Gable,BrkFace,TA,No,Ex,N,1050,1795,0,TA,0,,Attchd,Unf,1,Y,81.0,2008,131500
942,90,RL,Edwards,4,3,1977,Gable,None,Gd,Gd,TA,Y,1440,1440,2,TA,0,,,,0,N,42.0,2007,150000
211,20,RL,Edwards,6,5,2009,Gable,None,Gd,Mn,Ex,Y,1212,1212,0,Gd,0,,Attchd,RFn,2,Y,83.0,2010,186000
1148,50,RM,OldTown,7,7,1950,Gable,None,TA,No,TA,Y,572,1111,0,TA,1,Gd,Detchd,Unf,1,Y,,2008,116900
745,60,RL,NWAmes,8,9,1996,Hip,BrkFace,TA,No,Ex,Y,1175,2715,0,Gd,2,TA,BuiltIn,Fin,2,Y,,2008,299800
536,60,RL,CollgCr,7,5,1999,Gable,None,Gd,Av,Ex,Y,880,1724,0,Gd,0,,Attchd,Fin,2,Y,57.0,2008,188000
1286,20,RL,NWAmes,6,5,1963,Hip,BrkFace,TA,No,TA,Y,1328,1328,1,TA,2,Gd,Attchd,Unf,2,Y,,2010,143000
1295,20,RL,NAmes,5,5,1968,Hip,BrkFace,TA,Av,Gd,Y,1052,1052,1,TA,0,,Attchd,RFn,1,Y,70.0,2006,138500
85,60,RL,NoRidge,8,5,1992,Hip,BrkFace,Gd,No,Ex,Y,1301,2417,0,Gd,1,TA,Attchd,Unf,2,Y,121.0,2006,260000
1314,20,RL,Edwards,4,6,1954,Hip,None,TA,No,Ex,Y,948,948,1,TA,1,TA,Detchd,Unf,1,Y,60.0,2007,119000
974,70,RL,BrkSide,7,8,1993,Gable,None,Gd,No,TA,N,1136,2019,0,Gd,0,,Detchd,Unf,2,Y,60.0,2009,167500
976,30,RL,BrkSide,4,7,1958,Gable,None,Gd,No,TA,Y,869,869,0,Fa,0,,,,0,Y,51.0,2006,85500
631,120,RL,NridgHt,8,5,2006,Gable,Stone,Gd,Mn,Ex,Y,1554,1554,0,Gd,1,Gd,Attchd,RFn,2,Y,34.0,2007,209500
1315,60,RL,NAmes,6,5,1969,Gable,None,Fa,Mn,TA,Y,1092,2112,0,TA,2,Gd,Attchd,Unf,2,Y,85.0,2008,206900
1383,30,RL,Sawyer,5,7,2007,Gable,None,TA,No,Ex,Y,1416,1416,0,Gd,0,,Attchd,Unf,2,N,,2007,112000
1401,60,RL,Gilbert,6,5,2004,Gable,None,TA,No,Ex,Y,864,1593,1,TA,1,TA,Attchd,Fin,2,Y,62.0,2008,193000
949,20,RL,NWAmes,6,7,2006,Hip,None,TA,No,TA,Y,1381,1381,1,Gd,1,TA,Attchd,RFn,2,Y,78.0,2010,197500
273,20,RL,NAmes,6,6,1988,Hip,BrkCmn,TA,No,Gd,Y,1632,1632,1,TA,1,Gd,Attchd,RFn,1,Y,80.0,2009,139000
1034,30,RL,Crawfor,5,7,1950,Gable,None,Fa,No,Ex,Y,954,954,0,Fa,1,Gd,Basment,Unf,1,Y,50.0,2007,119750
362,85,RL,Edwards,7,5,2003,Gable,BrkFace,,,Ex,Y,495,1922,0,Gd,1,Ex,BuiltIn,RFn,2,Y,64.0,2009,198500
622,20,RL,Sawyer,5,6,1977,Gable,BrkFace,TA,No,TA,Y,980,980,0,TA,0,,Detchd,Unf,2,Y,71.0,2009,135000
2,60,RL,CollgCr,7,5,2002,Gable,BrkFace,Gd,Mn,Ex,Y,920,1786,1,Gd,1,TA,Attchd,RFn,2,Y,68.0,2008,223500
6,20,RL,Somerst,8,5,2005,Gable,Stone,Ex,Av,Ex,Y,1694,1694,1,Gd,1,Gd,Attchd,RFn,2,Y,75.0,2007,307000
311,20,RL,NAmes,6,6,2002,Gable,None,TA,No,Ex,Y,972,972,1,TA,1,Gd,Detchd,Unf,1,Y,50.0,2009,132000
668,20,RL,Sawyer,5,6,1987,Gable,None,TA,No,Gd,Y,1437,1437,1,TA,1,TA,Detchd,Unf,2,Y,,2006,168000
1037,60,RL,CollgCr,8,5,2002,Gable,BrkFace,Gd,No,Ex,Y,1055,2263,0,Gd,1,TA,BuiltIn,Fin,2,Y,,2008,287000
1439,60,RL,NWAmes,7,6,1979,Hip,BrkFace,TA,No,TA,Y,1040,1725,0,TA,1,TA,Attchd,RFn,2,Y,80.0,2007,197000
215,20,RL,NAmes,5,6,1996,Gable,BrkFace,TA,No,TA,Y,1236,1236,0,Gd,1,Fa,Attchd,Unf,1,Y,72.0,2006,134450
1119,20,RL,NAmes,5,5,1959,Gable,None,TA,No,TA,Y,1040,1040,0,TA,0,,Attchd,RFn,1,Y,70.0,2006,133700
27,20,RL,NridgHt,8,5,2008,Gable,Stone,Ex,No,Ex,Y,1704,1704,1,Gd,1,Gd,Attchd,RFn,3,Y,98.0,2010,306000
1055,20,RL,NWAmes,6,5,1976,Gable,BrkFace,Gd,No,TA,Y,1523,1523,0,TA,1,TA,Attchd,Fin,2,Y,104.0,2008,180000
824,20,FV,Somerst,8,5,2006,Gable,None,Gd,No,Ex,Y,1489,1489,0,Gd,1,Gd,Attchd,RFn,2,Y,81.0,2006,232600
1415,120,RL,Blmngtn,7,5,2007,Hip,BrkFace,Gd,No,Ex,Y,1569,1569,0,Gd,1,TA,Attchd,RFn,3,Y,51.0,2009,175900
1198,20,RL,CollgCr,7,5,2001,Gable,None,Gd,No,Ex,Y,1212,1212,0,Gd,0,,Attchd,RFn,2,Y,70.0,2009,178000
1280,20,RL,CollgCr,7,5,2002,Gable,BrkFace,Gd,No,Ex,Y,1573,1573,1,Gd,0,,Attchd,RFn,2,Y,67.0,2009,227000
624,60,RL,NWAmes,6,5,1972,Gable,None,TA,No,Gd,Y,1012,1790,1,TA,1,TA,Attchd,RFn,2,Y,80.0,2006,165150
807,70,RL,BrkSide,5,6,2004,Gable,None,TA,Gd,Ex,Y,1072,1576,2,Gd,1,TA,Attchd,RFn,2,Y,144.0,2009,223500
256,60,FV,Somerst,6,5,2003,Gable,None,Gd,No,Ex,Y,864,1728,0,Gd,0,,Attchd,RFn,2,Y,64.0,2008,207500
25,20,RL,NridgHt,8,5,2007,Gable,Stone,Gd,No,Ex,Y,1600,1600,0,Gd,1,Gd,Attchd,RFn,3,Y,110.0,2009,256300
336,20,RL,StoneBr,9,5,2006,Hip,Stone,Ex,Gd,Ex,Y,1922,1922,1,Gd,1,Gd,Attchd,Fin,3,Y,86.0,2007,377426
572,60,RL,Timber,7,5,2009,Gable,None,Ex,Av,Gd,Y,846,1692,0,Gd,0,,Attchd,RFn,2,Y,83.0,2009,224500
47,20,FV,Somerst,8,5,2006,Gable,None,Gd,Av,Ex,Y,1656,1656,0,Gd,0,,Attchd,RFn,3,Y,84.0,2007,249700
106,30,RM,OldTown,4,7,1995,Mansard,None,Fa,No,Gd,Y,1047,1047,0,TA,0,,Detchd,Unf,1,N,60.0,2007,100000
349,60,RL,NridgHt,9,5,2006,Hip,BrkFace,Ex,No,Ex,Y,1848,2728,1,Ex,2,Ex,Attchd,Fin,3,Y,56.0,2006,437154
55,20,RL,NAmes,6,5,1964,Gable,BrkFace,TA,No,Gd,Y,1425,1425,0,TA,1,Gd,Attchd,RFn,2,Y,100.0,2008,180500
1443,30,RL,BrkSide,6,6,1950,Gable,None,TA,No,Fa,N,952,952,0,Fa,1,Gd,Detchd,Unf,1,P,,2009,121000
213,20,RL,CollgCr,5,5,1995,Gable,None,Gd,No,Ex,Y,990,990,0,TA,0,,Attchd,Unf,2,Y,43.0,2006,156000
120,80,RL,ClearCr,6,5,1969,Flat,None,TA,Gd,Ex,Y,988,988,1,TA,2,TA,Attchd,Unf,2,Y,,2006,180000
1206,20,RH,SawyerW,4,4,1966,Gable,None,TA,No,TA,Y,1056,1056,1,TA,0,,Detchd,Unf,1,Y,,2006,107000
1388,20,RL,Gilbert,9,5,2007,Gable,Stone,Ex,Gd,Ex,Y,1746,1746,1,Ex,2,Gd,Attchd,Fin,3,Y,42.0,2009,377500
72,60,RL,Gilbert,7,5,1998,Gable,BrkFace,Gd,No,Gd,Y,885,1718,0,TA,1,TA,Attchd,Fin,2,Y,74.0,2009,185000
743,80,RL,Sawyer,5,6,1999,Gable,None,Gd,Av,Ex,Y,1464,1464,0,TA,1,TA,Attchd,RFn,2,Y,70.0,2009,175000
1188,60,RL,CollgCr,7,5,2002,Gable,BrkFace,Gd,No,Ex,Y,831,1660,0,Gd,0,,Attchd,RFn,2,Y,68.0,2009,195000
45,120,RL,NridgHt,9,5,2005,Hip,BrkFace,Ex,No,Ex,Y,1752,1752,1,Ex,1,Gd,Attchd,RFn,2,Y,61.0,2010,319900
1230,90,RL,Sawyer,5,5,1977,Shed,None,Gd,No,Ex,Y,1361,2620,0,TA,1,TA,BuiltIn,RFn,2,N,,2007,190000
523,60,RL,Edwards,10,5,2008,Hip,Stone,Ex,Gd,Ex,Y,3138,4676,1,Ex,1,Gd,BuiltIn,Fin,3,Y,130.0,2007,184750
826,45,RM,BrkSide,5,6,1950,Gable,None,TA,No,Gd,Y,784,784,1,Gd,0,,,,0,Y,50.0,2008,109500
867,20,RL,Sawyer,4,5,1961,Gable,None,TA,No,TA,Y,1120,1120,1,Fa,0,,Attchd,RFn,2,Y,85.0,2007,129000
1199,20,RL,Sawyer,4,5,1979,Gable,BrkFace,TA,No,Gd,Y,1382,1382,0,TA,1,Po,Attchd,Unf,2,Y,75.0,2006,148000
757,60,RL,Sawyer,6,5,1978,Hip,BrkCmn,TA,Mn,TA,Y,672,1386,0,TA,1,TA,Attchd,Fin,2,Y,,2010,158900
533,20,RL,BrkSide,1,3,1950,Gable,None,,,Fa,N,334,334,0,Fa,0,,,,0,N,50.0,2007,39300
603,160,FV,Somerst,7,5,2005,Gable,None,Gd,No,Ex,Y,600,1200,0,Gd,0,,Detchd,RFn,2,Y,30.0,2010,151000
465,120,RM,Blmngtn,7,5,2004,Hip,BrkFace,Gd,No,Ex,Y,1414,1414,0,Gd,1,TA,Attchd,Fin,2,Y,,2006,178740
1391,90,RL,NAmes,5,5,1967,Gable,None,TA,No,TA,Y,1584,1584,0,TA,0,,Detchd,Unf,3,Y,65.0,2009,124000
1244,70,RL,Crawfor,8,7,1950,Gable,None,Gd,No,Fa,Y,792,1517,0,Gd,2,Gd,Detchd,Unf,2,Y,,2006,230000
1080,20,RL,NWAmes,6,7,2004,Gable,BrkFace,TA,No,Ex,Y,1258,1258,0,Gd,0,,Attchd,RFn,2,Y,80.0,2008,145000
904,20,RL,Sawyer,5,6,1967,Gable,BrkFace,TA,No,TA,Y,902,902,0,TA,0,,Attchd,Unf,1,Y,,2007,125500
60,20,RL,SawyerW,6,5,2004,Gable,None,Gd,No,Ex,Y,1158,1158,1,Gd,0,,Detchd,Unf,2,Y,63.0,2006,158000
92,30,RL,Crawfor,5,7,2006,Gable,None,Gd,No,Ex,Y,964,964,1,TA,0,,Detchd,Unf,2,Y,80.0,2009,163500
666,60,RL,NAmes,6,5,1979,Flat,BrkCmn,Gd,No,TA,Y,1465,2380,0,TA,1,Po,CarPort,Unf,2,Y,,2007,129000
727,20,RL,CollgCr,7,5,2007,Gable,Stone,Gd,Av,Ex,Y,1232,1232,1,Gd,0,,Attchd,RFn,2,Y,64.0,2009,194500
194,20,RL,CollgCr,5,7,1972,Hip,None,TA,Av,TA,Y,864,864,0,TA,0,,Detchd,Unf,1,Y,60.0,2008,127000
280,60,RL,SawyerW,7,6,1989,Gable,BrkFace,Gd,Av,Gd,Y,1175,1982,0,Gd,1,TA,Attchd,Fin,2,Y,82.0,2007,228500
359,60,RL,NoRidge,8,5,1998,Gable,BrkFace,Gd,Av,Ex,Y,1086,1924,1,Gd,1,TA,Attchd,RFn,2,Y,78.0,2006,280000
519,70,RL,Crawfor,7,9,2004,Gambrel,None,Gd,No,Ex,Y,1276,2080,0,Gd,2,Gd,Detchd,Unf,1,Y,53.0,2009,234000
1455,60,RL,Gilbert,6,5,2000,Gable,None,Gd,No,Ex,Y,953,1647,0,TA,1,TA,Attchd,RFn,2,Y,62.0,2007,175000
923,120,RL,SawyerW,6,5,1994,Gable,None,Gd,No,Ex,Y,1617,1617,1,Gd,1,Fa,Attchd,RFn,2,Y,50.0,2008,193000
182,20,RL,Edwards,5,6,2006,Hip,BrkFace,,,Ex,Y,1340,1340,0,TA,1,Gd,Attchd,RFn,1,Y,60.0,2007,120000
987,20,RL,NridgHt,9,5,2010,Hip,Stone,Ex,Av,Ex,Y,1940,1940,1,Ex,1,Gd,Attchd,Fin,3,Y,83.0,2010,395192
110,50,RL,Edwards,6,4,1972,Gable,None,TA,No,Gd,Y,1216,1855,0,TA,0,,Attchd,Unf,1,Y,75.0,2006,136900
42,85,RL,SawyerW,5,7,1983,Gable,None,Gd,Av,Gd,Y,884,884,1,Gd,0,,Attchd,RFn,2,Y,,2007,144000
1236,160,RL,NridgHt,7,5,2003,Gable,Stone,Gd,No,Ex,Y,764,1626,0,Gd,0,,BuiltIn,RFn,2,Y,36.0,2010,175500
204,50,RM,OldTown,5,7,1950,Gable,None,TA,No,TA,Y,720,1284,0,TA,0,,Detchd,Unf,1,Y,50.0,2009,110000
983,60,RL,CollgCr,8,5,2002,Gable,None,Gd,Mn,Ex,Y,1149,2290,0,Gd,1,Gd,Attchd,Unf,2,Y,,2008,255900
52,90,RM,IDOTRR,5,5,1963,Gable,None,Gd,Gd,TA,N,816,816,1,TA,0,,CarPort,Unf,2,Y,110.0,2010,110000
545,50,RL,NWAmes,7,5,1988,Gable,BrkFace,Gd,No,Gd,Y,1377,2183,0,Gd,0,,Attchd,Unf,3,Y,,2006,229000
945,50,RM,OldTown,5,6,1996,Hip,None,TA,No,TA,Y,1188,1869,0,TA,0,,Detchd,Unf,2,Y,98.0,2009,124900
852,75,RL,Crawfor,7,5,1950,Gable,None,TA,No,Gd,Y,918,1646,0,TA,2,Gd,Detchd,Unf,1,Y,53.0,2007,164000
1413,20,RL,SawyerW,8,5,2006,Gable,Stone,Gd,No,Ex,Y,1844,1844,1,Gd,1,Gd,Attchd,Fin,2,Y,88.0,2009,257000
1375,20,RL,Timber,8,5,2007,Gable,BrkFace,Gd,Gd,Ex,Y,1571,1571,0,Gd,1,Gd,Attchd,Fin,3,Y,89.0,2007,239000
183,50,RM,OldTown,7,5,2003,Gable,None,Gd,No,Ex,Y,1362,2082,0,Gd,0,,Detchd,Unf,2,N,63.0,2008,200000
137,90,RL,Mitchel,7,5,1989,Gable,BrkFace,TA,No,Gd,Y,1959,1959,0,TA,0,,2Types,Unf,3,Y,82.0,2006,171000
926,60,RL,NridgHt,8,5,2004,Hip,BrkFace,Gd,No,Ex,Y,1234,2374,0,Ex,1,Gd,BuiltIn,Fin,3,Y,93.0,2007,285000
80,60,RL,NAmes,6,6,1968,Gable,BrkFace,Gd,No,TA,Y,1182,2142,0,Gd,1,Gd,Attchd,Fin,1,Y,100.0,2009,193500
1364,160,FV,Somerst,7,5,2005,Gable,None,Gd,No,Ex,Y,520,1200,0,Gd,0,,Detchd,RFn,2,Y,30.0,2006,144152
105,60,FV,Somerst,8,5,2004,Hip,BrkFace,Ex,No,Ex,Y,1053,1992,0,Gd,1,Gd,Attchd,RFn,2,Y,75.0,2008,250000
541,60,RL,NoRidge,8,5,2000,Gable,BrkFace,Gd,No,Ex,Y,997,2285,0,Gd,1,TA,BuiltIn,Fin,3,Y,,2007,248000
706,20,RL,ClearCr,7,5,2002,Gable,Stone,Gd,Gd,TA,Y,1824,1824,1,Gd,2,TA,Attchd,Unf,2,Y,,2007,302000
480,20,RL,NridgHt,9,5,2005,Hip,BrkFace,Ex,Gd,Ex,Y,1850,1850,1,Gd,1,Gd,Attchd,Fin,3,Y,98.0,2006,326000
165,190,RL,Edwards,5,7,1999,Gable,None,TA,No,Gd,Y,808,1355,1,TA,0,,,,0,Y,62.0,2008,127500
248,60,RL,CollgCr,7,5,2003,Gable,BrkFace,Gd,No,Ex,Y,840,1668,0,Gd,0,,Attchd,RFn,2,Y,72.0,2007,180000
307,50,RM,IDOTRR,6,7,1950,Gable,None,TA,No,TA,Y,1035,1406,0,Fa,0,,,,0,N,,2008,89500
446,20,RL,NAmes,6,6,2002,Gable,None,TA,No,Ex,Y,1888,1888,0,Gd,1,Gd,Attchd,Fin,2,Y,137.0,2010,190000
712,120,RL,StoneBr,8,5,1989,Gable,None,Gd,Mn,Gd,Y,1228,1228,1,Gd,1,Gd,Attchd,Fin,2,Y,40.0,2008,189000
334,60,RL,Gilbert,6,5,1998,Gable,None,Gd,Gd,Gd,Y,943,1638,1,TA,2,TA,Attchd,Fin,2,Y,59.0,2008,192000
97,20,RL,Edwards,4,5,1965,Hip,BrkFace,TA,No,TA,Y,960,960,1,TA,0,,Attchd,Fin,1,P,73.0,2007,94750
724,20,RL,Edwards,9,5,2008,Hip,Stone,Ex,No,Ex,Y,1698,1698,1,Ex,1,Gd,Attchd,Fin,3,Y,86.0,2009,320000
905,20,RL,NAmes,5,5,1954,Gable,Stone,TA,No,TA,Y,1063,1063,1,TA,0,,Attchd,RFn,1,Y,80.0,2010,128000
899,20,RL,Sawyer,5,7,1994,Gable,None,TA,No,TA,Y,1236,1236,0,TA,1,TA,Attchd,Unf,1,Y,65.0,2006,135000
102,90,RL,SawyerW,5,5,1979,Gable,None,,,TA,Y,1535,1535,0,TA,0,,Attchd,Unf,2,Y,64.0,2009,118964
434,180,RM,MeadowV,4,7,1972,Gable,None,Gd,Av,Gd,Y,630,630,1,TA,0,,,,0,Y,21.0,2008,81000
1007,160,RM,MeadowV,4,4,1970,Gable,None,TA,No,TA,Y,546,1092,0,TA,0,,Attchd,RFn,1,Y,21.0,2009,88000
1305,20,RL,NridgHt,9,5,2007,Hip,Stone,Ex,No,Ex,Y,1652,1652,1,Ex,2,Ex,Attchd,Fin,2,Y,108.0,2009,325000
834,20,RL,NAmes,5,6,1961,Gable,BrkFace,TA,No,Gd,Y,1144,1144,1,TA,0,,Attchd,Unf,2,Y,75.0,2008,139950
1324,20,RL,Somerst,8,5,2007,Gable,BrkFace,Ex,Av,Ex,Y,1795,1795,0,Gd,1,Gd,Attchd,RFn,3,Y,75.0,2007,147000
302,20,RL,CollgCr,7,5,2002,Gable,BrkFace,Gd,No,Ex,Y,1541,1541,0,Gd,1,TA,Attchd,RFn,3,Y,118.0,2006,205000
1229,80,RL,NAmes,5,5,1960,Hip,None,TA,No,Gd,Y,1507,1507,0,TA,0,,Basment,Unf,1,Y,70.0,2008,127000
1191,160,FV,Somerst,8,5,2000,Gable,BrkFace,Gd,No,Ex,Y,764,1441,0,Gd,0,,Detchd,Unf,2,Y,24.0,2007,174000
388,20,RL,CollgCr,7,5,2000,Gable,BrkFace,Gd,No,Ex,Y,1479,1479,0,Gd,0,,Attchd,RFn,2,Y,93.0,2008,191000
235,160,RM,BrDale,6,3,1971,Gable,BrkFace,TA,No,TA,Y,483,987,0,TA,0,,Detchd,Unf,1,Y,21.0,2008,89500
1212,30,RL,Edwards,4,6,1950,Hip,None,TA,No,TA,Y,672,672,1,TA,0,,Attchd,Unf,1,N,50.0,2009,113000
267,75,RL,SWISU,5,8,1997,Gable,None,TA,No,Ex,Y,1052,2192,0,Gd,1,Gd,Detchd,Unf,1,Y,60.0,2008,179500
305,20,RL,CollgCr,8,5,2005,Gable,Stone,Gd,No,Ex,Y,2000,2000,1,Gd,0,,Attchd,Fin,3,Y,80.0,2007,305900
117,20,RL,Edwards,5,5,2007,Gable,None,Gd,No,Gd,Y,1125,1125,0,TA,0,,Attchd,Unf,2,Y,74.0,2007,155000
1179,20,RL,Edwards,5,5,1954,Gable,None,,,Gd,Y,1124,1124,0,TA,1,Gd,,,0,N,77.0,2006,93000
673,20,RL,Crawfor,6,7,2004,Hip,BrkFace,TA,No,Ex,Y,1839,1839,1,Gd,2,TA,Attchd,Fin,2,Y,110.0,2007,257500
249,50,RL,ClearCr,6,7,2006,Gable,BrkCmn,Gd,Gd,Gd,Y,1444,2144,0,Gd,2,TA,Attchd,Fin,2,Y,,2007,277000
1065,60,RL,ClearCr,7,5,1997,Gable,None,Ex,Gd,Ex,Y,1306,2260,1,Gd,0,,Attchd,RFn,2,Y,80.0,2010,328000
1052,60,RL,NAmes,6,6,1978,Gable,BrkCmn,TA,No,TA,Y,1127,1977,0,TA,1,TA,Attchd,RFn,2,Y,100.0,2007,165000
71,20,RL,Mitchel,4,6,2006,Gable,None,TA,No,TA,Y,845,845,1,TA,0,,Detchd,Unf,2,Y,69.0,2007,129500
94,60,RL,CollgCr,6,5,1997,Gable,None,Gd,No,Ex,Y,905,1786,1,Gd,0,,Attchd,RFn,2,Y,69.0,2007,204750
1440,70,RL,Crawfor,6,7,1994,Gable,None,Ex,No,Fa,Y,1423,2555,0,TA,1,Gd,Detchd,Fin,2,Y,79.0,2008,191000
33,20,RL,NAmes,5,5,1959,Hip,None,TA,No,Gd,Y,1700,1700,0,Gd,1,Gd,Attchd,RFn,2,Y,70.0,2010,165500
1167,60,RL,Gilbert,6,5,2000,Gable,None,Gd,No,Ex,Y,959,1671,1,TA,1,TA,Attchd,Fin,2,Y,58.0,2006,173000
448,50,RM,IDOTRR,6,6,1950,Gable,None,TA,No,TA,Y,780,1376,0,TA,1,Gd,Detchd,Unf,1,N,50.0,2006,119500
445,20,RL,Edwards,6,5,1956,Hip,None,TA,No,Fa,Y,1689,1689,0,TA,1,Gd,Attchd,Unf,2,Y,73.0,2009,127500
716,70,RM,OldTown,7,8,1998,Gable,None,TA,No,Ex,Y,1576,2554,0,TA,0,,Detchd,Unf,2,P,60.0,2007,159500
844,50,RM,OldTown,5,8,1950,Gable,None,TA,Mn,Gd,Y,876,1416,0,TA,1,Gd,Detchd,Unf,3,Y,100.0,2008,153900
1112,20,RL,NAmes,5,7,1957,Gable,None,TA,No,TA,Y,816,816,1,TA,0,,Detchd,Unf,1,Y,73.0,2006,129900
858,20,RL,NWAmes,7,5,1976,Gable,BrkFace,Gd,No,TA,Y,1370,1370,0,TA,1,TA,Attchd,RFn,2,Y,80.0,2009,152000
997,20,RL,NWAmes,6,6,1970,Hip,BrkFace,TA,No,TA,Y,1442,1442,0,TA,1,TA,Attchd,RFn,2,Y,,2009,185000
77,50,RM,BrkSide,5,5,2001,Gable,None,TA,No,TA,Y,1072,1285,1,TA,0,,Detchd,Unf,1,Y,50.0,2008,127000
84,80,RL,Gilbert,7,5,1996,Gable,BrkFace,Gd,No,Gd,Y,804,1474,0,TA,1,TA,BuiltIn,Fin,2,Y,,2009,168500
792,60,RL,NoRidge,7,5,1997,Gable,None,Gd,Av,Ex,Y,1127,2013,1,TA,1,TA,Attchd,Unf,2,Y,92.0,2007,269790
82,20,RL,Somerst,8,5,2007,Gable,Stone,Gd,No,Ex,Y,1563,1563,0,Gd,1,Gd,Attchd,RFn,3,Y,78.0,2008,245000
457,20,RL,ClearCr,4,6,1994,Flat,None,Gd,Gd,Ex,Y,1663,1663,1,Gd,2,Gd,Attchd,Fin,2,Y,,2008,256000
970,50,RL,NAmes,4,4,1950,Gable,None,TA,No,TA,N,720,1192,0,TA,0,,,,0,Y,60.0,2006,135000
676,70,RM,OldTown,4,2,1950,Gable,None,TA,No,Fa,N,1095,1774,1,TA,0,,2Types,Unf,3,N,60.0,2006,87000
938,60,RL,CollgCr,7,5,2006,Gable,None,Gd,Mn,Ex,Y,1391,1962,0,Gd,0,,Attchd,RFn,3,Y,73.0,2006,239799
1050,20,RL,Gilbert,7,5,2007,Gable,None,Gd,Av,Ex,Y,1302,1302,0,Gd,0,,Attchd,Fin,2,Y,73.0,2007,176485
436,50,RM,OldTown,6,8,1950,Gable,None,Fa,No,TA,Y,734,1118,0,TA,0,,Detchd,Unf,2,Y,40.0,2006,116000
644,20,FV,Somerst,9,5,2009,Gable,Stone,Ex,Mn,Ex,Y,1766,1766,1,Ex,1,Gd,Attchd,Fin,3,Y,85.0,2009,370878
780,20,RL,Gilbert,7,5,1996,Gable,BrkFace,Gd,No,Gd,Y,1253,1253,0,TA,1,TA,Attchd,Fin,2,Y,63.0,2007,176000
862,20,RL,SawyerW,6,5,1985,Hip,None,Gd,No,TA,Y,1097,1097,0,TA,0,,Attchd,Unf,2,Y,81.0,2010,152000
1357,20,RL,NAmes,5,6,2008,Gable,None,TA,No,Ex,Y,1078,1078,1,TA,1,Fa,Attchd,Fin,2,Y,,2010,149900
404,60,RL,Gilbert,6,5,1996,Gable,None,Gd,No,Gd,Y,806,1572,0,TA,1,TA,BuiltIn,Fin,2,Y,,2007,168000
1270,40,RL,ClearCr,7,6,1979,Shed,None,Gd,Gd,TA,Y,1332,1524,2,Gd,1,TA,Attchd,Fin,2,Y,,2010,260000
941,60,RL,Gilbert,7,5,1999,Gable,BrkFace,Gd,No,Ex,Y,1022,2060,1,Gd,1,TA,BuiltIn,RFn,2,Y,,2009,214000
944,20,RL,Timber,6,6,1958,Gable,BrkFace,TA,No,Gd,Y,1344,1344,0,Gd,1,Gd,Basment,RFn,2,Y,,2009,137500
104,50,RM,IDOTRR,7,4,1950,Gable,BrkFace,TA,No,Ex,Y,1226,1818,0,TA,2,TA,Detchd,Unf,1,Y,,2007,169500
609,20,RL,Sawyer,4,5,1961,Gable,BrkCmn,TA,Mn,Gd,Y,1029,1029,1,TA,0,,Attchd,Unf,1,Y,61.0,2007,118500
1068,160,RM,MeadowV,6,4,1973,Gable,None,Gd,No,Gd,Y,1291,2521,1,TA,1,Gd,Attchd,Fin,2,Y,42.0,2006,151400
993,60,RL,CollgCr,6,5,2006,Gable,None,Gd,No,Ex,Y,750,1500,0,Gd,0,,Attchd,RFn,2,Y,68.0,2006,173900
888,20,RL,NAmes,8,6,1970,Flat,None,TA,Gd,Ex,Y,2217,2217,1,Gd,1,TA,Attchd,Unf,2,Y,95.0,2007,268000
62,120,RL,NridgHt,8,5,2006,Gable,Stone,Gd,Mn,Ex,Y,1370,1370,0,Gd,1,Gd,Attchd,RFn,2,Y,44.0,2007,202500
281,20,FV,Somerst,6,5,2006,Gable,Stone,Gd,No,Gd,Y,1262,1262,0,Gd,0,,Attchd,Fin,2,Y,60.0,2006,185000
964,60,RL,Timber,7,5,2003,Gable,BrkFace,Gd,No,Ex,Y,824,1894,1,Gd,1,Gd,BuiltIn,Fin,2,Y,80.0,2010,214900
238,20,RL,NridgHt,8,5,2007,Hip,BrkFace,Ex,No,Ex,Y,1694,1694,0,Gd,0,,Attchd,Fin,3,Y,93.0,2007,318000
223,20,RL,NAmes,4,6,1971,Gable,None,TA,No,Gd,Y,864,864,0,TA,0,,Detchd,Unf,2,Y,70.0,2009,97000
145,160,RM,Edwards,6,5,2006,Gable,Stone,Gd,No,Ex,Y,970,1709,0,Gd,0,,Detchd,Unf,2,Y,24.0,2006,130000
1362,50,RL,NAmes,4,4,2007,Gable,None,TA,No,Gd,Y,1281,1738,0,TA,1,Gd,Attchd,Unf,1,Y,,2009,104900
373,20,RL,NAmes,5,6,1953,Gable,None,TA,No,TA,Y,1319,1319,1,TA,0,,Attchd,Unf,1,Y,79.0,2009,123000
118,60,RL,SawyerW,7,5,1990,Hip,None,Gd,Mn,Gd,Y,1699,3222,1,Gd,2,TA,Attchd,Unf,3,Y,90.0,2010,320000
1096,70,RM,IDOTRR,6,7,2006,Gable,None,TA,No,TA,Y,773,1355,0,Gd,0,,,,0,Y,60.0,2007,127000
250,30,RL,BrkSide,3,2,1966,Gable,None,TA,No,Ex,Y,1306,1306,0,Fa,0,,,,0,Y,55.0,2010,76500
1406,85,RL,CollgCr,5,7,2007,Gable,None,Gd,Av,TA,Y,768,768,1,TA,0,,Detchd,Unf,2,Y,70.0,2009,133000
9,190,RL,BrkSide,5,6,1950,Gable,None,TA,No,Ex,Y,1077,1077,1,TA,2,TA,Attchd,RFn,1,Y,50.0,2008,118000
449,50,RM,OldTown,3,7,2002,Gable,None,TA,No,Ex,Y,679,1183,0,TA,0,,Detchd,Unf,1,Y,50.0,2007,120000
708,60,RL,Gilbert,7,5,2007,Hip,None,Gd,Av,Ex,Y,728,1456,0,Gd,1,Gd,Attchd,Fin,2,Y,65.0,2007,179540
255,60,RL,Gilbert,7,5,1999,Gable,BrkFace,Gd,No,Ex,Y,1005,2291,0,Gd,1,TA,BuiltIn,Fin,2,Y,66.0,2006,230000
593,120,RM,CollgCr,6,5,2003,Gable,BrkFace,Gd,Av,Ex,Y,848,848,1,Gd,0,,Attchd,Fin,2,Y,,2009,140000
389,60,RL,NridgHt,10,5,2008,Gable,Stone,Ex,Av,Ex,Y,1742,2332,1,Ex,1,Ex,BuiltIn,Fin,3,Y,96.0,2008,426000
1202,50,RM,BrkSide,5,8,1997,Gable,None,TA,No,Ex,Y,884,1348,1,TA,1,Fa,Detchd,Unf,1,N,50.0,2009,117000
1168,70,RL,Edwards,6,7,1986,Hip,None,TA,No,Ex,Y,1236,2108,0,Gd,2,TA,Basment,Unf,2,Y,120.0,2008,235000
557,50,C (all),IDOTRR,4,6,1950,Gable,None,TA,No,Gd,Y,897,1336,0,TA,0,,CarPort,Unf,1,Y,60.0,2006,108000
1298,60,RL,Edwards,10,5,2008,Hip,Stone,Ex,Gd,Ex,Y,4692,5642,2,Ex,3,Gd,Attchd,Fin,2,Y,313.0,2008,160000
1424,20,RL,NAmes,5,5,1983,Hip,None,TA,No,TA,Y,1344,1344,1,TA,1,TA,Detchd,Unf,1,Y,,2007,144000
460,60,FV,Somerst,8,5,2009,Gable,Stone,Gd,No,Ex,Y,832,1935,1,TA,0,,BuiltIn,Fin,2,Y,75.0,2009,263435
723,50,RL,Edwards,4,6,1972,Gable,None,TA,No,Ex,Y,997,1470,0,TA,0,,Detchd,Unf,1,Y,60.0,2008,135000
1346,20,RL,NWAmes,7,7,2003,Hip,None,TA,No,TA,Y,2156,2156,0,TA,1,Gd,Attchd,RFn,2,Y,,2006,262500
144,90,RM,Sawyer,5,5,1963,Gable,BrkFace,TA,No,TA,Y,1728,1728,1,TA,0,,Detchd,Unf,2,Y,70.0,2006,125000
501,60,FV,Somerst,7,5,2005,Gable,None,Gd,No,Gd,Y,866,1768,0,Gd,0,,Attchd,RFn,2,Y,75.0,2008,226700
1070,20,RL,NAmes,5,5,1956,Hip,BrkFace,TA,No,TA,Y,1048,1048,1,TA,0,,Attchd,Unf,1,Y,72.0,2007,135000
739,60,RL,CollgCr,7,5,2004,Gable,None,Gd,No,Ex,Y,864,1728,0,Gd,0,,Attchd,RFn,2,Y,65.0,2009,190000
1349,70,RM,OldTown,8,5,1987,Gable,None,TA,No,Fa,N,938,2358,0,TA,0,,,,0,Y,50.0,2008,122000
731,80,RL,Timber,7,5,2003,Gable,BrkFace,Ex,Av,Ex,Y,1146,1146,1,Gd,1,Gd,Attchd,Fin,2,Y,73.0,2007,187500
539,20,RL,CollgCr,8,5,2002,Gable,BrkFace,Gd,Av,Ex,Y,1601,1601,1,Gd,1,TA,Attchd,RFn,2,Y,,2010,272000
177,50,RL,Sawyer,5,5,1958,Gable,None,TA,No,Ex,Y,1252,1920,1,Gd,1,Gd,Attchd,Unf,2,Y,,2006,172500
1408,70,RM,OldTown,4,7,1950,Gable,None,Fa,No,Gd,Y,741,1363,0,TA,0,,Detchd,Unf,2,Y,60.0,2010,125500
697,20,RL,Edwards,5,7,1952,Gable,None,Ex,Mn,Fa,Y,1148,1148,0,TA,0,,Detchd,Unf,1,Y,57.0,2006,123500
1402,20,RL,CollgCr,7,5,2006,Gable,None,Gd,Av,Ex,Y,1294,1294,0,Gd,1,Gd,Attchd,RFn,2,Y,64.0,2006,193879
1022,50,RM,OldTown,5,5,1950,Gable,None,TA,No,Gd,Y,912,1248,0,TA,0,,Detchd,Unf,1,Y,52.0,2007,87000
1116,80,RL,Gilbert,8,5,2002,Hip,None,Gd,No,Ex,Y,779,1419,1,Gd,1,TA,BuiltIn,Fin,2,Y,,2009,184100
1429,20,RL,NWAmes,6,7,1981,Gable,BrkFace,Gd,No,Ex,Y,1440,1440,0,Gd,1,TA,Attchd,Fin,2,Y,,2007,182900
1453,20,RL,Mitchel,5,5,2006,Gable,None,Gd,No,Ex,Y,1140,1140,0,TA,0,,,,0,Y,90.0,2006,84500
7,60,RL,NWAmes,7,6,1973,Gable,Stone,Gd,Mn,Ex,Y,1107,2090,1,TA,2,TA,Attchd,RFn,2,Y,,2009,200000
820,60,RL,CollgCr,7,5,2003,Gable,None,Gd,No,Ex,Y,798,1640,0,Gd,0,,Attchd,RFn,2,Y,72.0,2008,183000
667,20,RL,SawyerW,6,5,1998,Gable,BrkFace,Gd,No,Ex,Y,1679,1679,1,Gd,1,Fa,Attchd,RFn,2,Y,65.0,2008,193500
1389,50,RM,BrkSide,6,6,1950,Gable,None,TA,No,Ex,Y,869,1218,0,TA,1,Gd,Detchd,Unf,2,Y,60.0,2007,131000
357,120,RM,MeadowV,5,5,1976,Gable,None,Gd,No,TA,Y,1142,1142,1,TA,1,Po,Attchd,Fin,2,Y,44.0,2007,134000
783,85,RL,Mitchel,5,6,1978,Gable,BrkFace,Gd,Av,Ex,Y,1110,1110,1,Gd,1,TA,Attchd,Fin,2,Y,,2009,165500
985,190,RL,Edwards,5,5,1950,Gable,None,TA,No,TA,N,1164,1164,1,TA,0,,Detchd,Unf,1,Y,68.0,2008,125000
329,70,RM,IDOTRR,5,5,1950,Gable,None,TA,Mn,TA,N,596,1192,0,TA,0,,Detchd,Unf,1,N,60.0,2009,78000
1444,20,RL,CollgCr,7,5,2004,Gable,BrkFace,Gd,Av,Ex,Y,1422,1422,0,Gd,0,,Attchd,RFn,2,Y,63.0,2007,179600
1117,20,RL,Sawyer,5,7,2003,Gable,None,TA,No,Ex,Y,894,894,1,Gd,0,,Attchd,RFn,2,Y,57.0,2008,130000
1087,60,FV,Somerst,8,5,2006,Gable,None,Gd,Mn,Ex,Y,1082,1953,0,Gd,1,Gd,Attchd,RFn,3,Y,85.0,2009,252000
258,60,RL,CollgCr,7,5,2001,Gable,BrkFace,Gd,No,Ex,Y,963,1792,0,Gd,1,TA,Attchd,RFn,2,Y,80.0,2008,231500
1144,190,RL,Edwards,4,4,1950,Gable,None,Gd,No,Fa,N,672,924,1,Fa,0,,Detchd,Unf,1,Y,60.0,2010,80000
372,120,RL,SawyerW,6,5,1984,Gable,None,Gd,No,TA,Y,752,752,1,TA,0,,Attchd,Unf,1,Y,50.0,2010,125000
1075,70,RL,Crawfor,7,6,1984,Gable,None,TA,No,TA,Y,960,1740,0,TA,2,Gd,Attchd,Unf,1,Y,75.0,2007,219500
882,60,RL,Gilbert,6,5,1993,Gable,None,Gd,No,Gd,Y,808,1593,0,TA,1,TA,BuiltIn,RFn,2,Y,,2009,178000
142,50,RL,NAmes,5,4,1952,Gable,None,TA,No,Fa,Y,910,1385,0,TA,0,,Detchd,Unf,2,Y,71.0,2010,166000
525,20,FV,Somerst,7,5,2005,Gable,None,Gd,No,Ex,Y,1266,1266,0,Gd,1,TA,Attchd,Unf,2,Y,62.0,2006,176000
1107,60,RL,Gilbert,7,5,2006,Gable,None,Ex,No,Ex,Y,887,2021,0,Gd,1,Gd,BuiltIn,RFn,2,Y,168.0,2006,274725
1335,20,RL,NWAmes,6,5,1977,Gable,BrkFace,Gd,No,TA,Y,1334,1334,0,TA,1,TA,Attchd,RFn,2,Y,80.0,2009,167900
1091,160,FV,Somerst,7,5,2000,Gable,BrkFace,Gd,No,Ex,Y,624,1252,1,Gd,0,,Detchd,Unf,2,Y,24.0,2008,160000
1387,50,RM,OldTown,6,7,1950,Gable,None,TA,No,TA,N,1664,2526,0,Gd,1,Gd,Detchd,Unf,1,Y,60.0,2007,136000
440,20,RL,NridgHt,10,5,2008,Hip,Stone,Ex,Gd,Ex,Y,2402,2402,1,Ex,2,Gd,Attchd,Fin,3,Y,105.0,2009,555000
531,70,RM,BrkSide,6,8,1999,Gable,None,Fa,Mn,Ex,Y,751,1362,0,TA,0,,Detchd,Fin,2,Y,60.0,2008,128000
1169,60,RL,NoRidge,10,5,1996,Hip,BrkFace,Ex,Gd,Ex,Y,1831,3627,1,Gd,1,TA,Attchd,Fin,3,Y,118.0,2006,625000
226,60,RL,NoRidge,7,5,1995,Gable,BrkFace,Gd,No,Ex,Y,1214,2520,0,Gd,1,TA,Attchd,RFn,3,Y,82.0,2007,290000
1000,20,RL,Edwards,3,3,1952,Flat,None,,,Fa,N,944,944,0,Fa,0,,Detchd,Unf,2,Y,74.0,2009,82000
228,20,RL,Sawyer,5,5,1967,Gable,None,TA,No,TA,Y,912,912,0,TA,1,Fa,Detchd,Unf,1,Y,70.0,2010,125000
1246,60,FV,Somerst,7,5,2006,Gable,None,Gd,No,Ex,Y,756,1553,0,Gd,0,,Attchd,RFn,2,Y,65.0,2006,186500
1319,20,RL,Edwards,4,5,1954,Hip,BrkFace,TA,No,Ex,Y,948,948,0,TA,0,,Attchd,Unf,1,Y,75.0,2007,111000
212,60,FV,Somerst,7,5,2009,Gable,None,Gd,No,Ex,Y,932,1852,1,Gd,1,TA,Attchd,RFn,2,Y,72.0,2009,252678
79,50,RM,OldTown,5,6,1981,Gable,None,TA,No,Gd,Y,682,1230,0,TA,0,,Detchd,Unf,2,Y,60.0,2009,110000
148,20,RL,SawyerW,7,5,2005,Gable,BrkFace,Gd,No,Ex,Y,1080,1080,1,Gd,0,,,,0,Y,63.0,2008,141000
814,50,RL,Edwards,5,7,1950,Gable,None,TA,No,Gd,Y,686,1250,0,Fa,0,,Detchd,Unf,1,P,45.0,2006,116000
1067,60,RL,NAmes,6,6,1964,Gable,BrkFace,TA,Gd,TA,Y,798,1611,1,TA,0,,Attchd,RFn,2,Y,80.0,2008,167900
869,60,RL,SawyerW,7,5,1994,Gable,BrkFace,Gd,No,Ex,Y,1062,1949,1,Gd,1,TA,Attchd,Fin,2,Y,80.0,2010,236000
671,70,RH,Edwards,6,6,1950,Gambrel,None,TA,No,TA,N,697,1369,1,TA,0,,Detchd,Unf,1,Y,54.0,2009,103600
1124,80,RL,Gilbert,7,5,1992,Gable,BrkFace,Gd,No,Gd,Y,812,1482,0,Gd,1,TA,Attchd,Fin,2,Y,,2007,163900
555,45,RM,BrkSide,5,6,1950,Gable,None,TA,No,TA,Y,1048,1048,0,TA,1,Gd,Detchd,Unf,1,Y,58.0,2006,113000
864,20,FV,Somerst,7,5,2008,Gable,None,Ex,No,Ex,Y,1372,1372,0,Gd,0,,Attchd,Fin,2,Y,72.0,2008,250580
133,20,RL,Timber,8,5,2002,Gable,BrkFace,Ex,No,Ex,Y,1296,1296,1,Gd,0,,Attchd,Fin,2,Y,,2009,220000
1079,20,RL,CollgCr,5,5,1994,Gable,None,Gd,No,Gd,Y,990,990,0,TA,0,,Attchd,Unf,1,Y,65.0,2007,126000
823,50,RL,SWISU,6,7,1950,Gable,None,TA,No,TA,Y,944,1489,0,TA,1,Gd,Detchd,Unf,1,Y,60.0,2009,139500
408,60,RL,NridgHt,7,5,2006,Gable,BrkFace,Ex,No,Ex,Y,1071,2172,0,Gd,1,Gd,Attchd,RFn,3,Y,109.0,2007,280000
982,20,RL,Blmngtn,7,5,2007,Gable,BrkFace,Gd,Av,Ex,Y,1266,1266,0,Gd,1,Gd,Attchd,Fin,2,Y,43.0,2008,159895
507,20,FV,Somerst,6,5,2009,Gable,None,Gd,No,Ex,Y,1218,1218,0,Gd,0,,Attchd,Fin,2,Y,75.0,2009,208300
1150,20,RL,NAmes,6,5,1950,Gable,None,TA,No,Ex,Y,932,932,0,Gd,1,Gd,Attchd,Unf,1,Y,57.0,2007,124000
504,160,RL,NPkVill,6,5,1974,Gable,None,TA,No,TA,Y,855,1322,0,TA,1,Fa,Attchd,Unf,2,Y,24.0,2009,147000
986,50,RM,OldTown,6,8,2003,Hip,None,TA,No,Gd,Y,1001,1635,0,Gd,0,,Attchd,Unf,1,Y,59.0,2006,117000
347,20,RL,NAmes,6,5,1960,Gable,BrkFace,TA,No,Ex,Y,1478,1478,1,TA,2,Gd,Attchd,Unf,2,Y,,2009,157500
386,50,RL,Edwards,5,3,1996,Gambrel,None,TA,No,TA,Y,658,1184,0,TA,0,,,,0,N,58.0,2006,81000
0,60,RL,CollgCr,7,5,2003,Gable,BrkFace,Gd,No,Ex,Y,856,1710,1,Gd,0,,Attchd,RFn,2,Y,65.0,2008,208500
360,85,RL,Mitchel,6,6,1978,Gable,None,Gd,Av,Ex,Y,912,912,1,TA,1,TA,Attchd,RFn,2,Y,,2007,156000
828,60,RL,ClearCr,5,5,1967,Flat,None,TA,Gd,TA,Y,1160,2126,0,TA,0,,Attchd,Fin,2,Y,,2009,185000
1379,80,RL,Timber,5,5,2007,Gable,None,Gd,No,Gd,Y,754,1394,0,Gd,0,,BuiltIn,Fin,2,Y,73.0,2008,167500
475,20,RL,Sawyer,5,6,1963,Hip,None,TA,No,TA,Y,970,970,1,TA,0,,Detchd,Unf,2,Y,80.0,2007,132500
1247,80,RL,Mitchel,6,5,1976,Gable,BrkFace,TA,Av,TA,Y,1034,1034,1,TA,0,,Attchd,Unf,3,Y,,2010,169900
57,60,RL,CollgCr,7,5,2004,Gable,None,Gd,No,Ex,Y,860,1720,0,Gd,0,,Attchd,RFn,2,Y,89.0,2006,196500
637,190,RM,OldTown,5,4,1954,Gable,None,TA,No,TA,Y,811,1387,0,Gd,0,,BuiltIn,Unf,1,Y,50.0,2009,93000
1273,80,RL,Edwards,6,7,2006,Gable,BrkFace,TA,Av,Gd,Y,1357,1357,1,Ex,1,Gd,Basment,RFn,1,Y,124.0,2008,177000
1026,20,RL,NAmes,5,5,1960,Gable,BrkFace,TA,No,TA,Y,1264,1264,1,TA,2,Gd,Attchd,Unf,2,Y,73.0,2010,167500
909,60,RL,Gilbert,6,5,2005,Gable,None,Gd,No,Ex,Y,742,1484,0,Gd,1,Gd,Attchd,Fin,2,Y,149.0,2009,174000
172,160,RL,StoneBr,7,7,1987,Gable,None,Gd,No,Gd,Y,1064,1767,1,Gd,1,TA,Attchd,RFn,2,Y,44.0,2006,239000
450,30,RM,OldTown,6,8,2005,Hip,None,TA,No,Ex,Y,813,813,0,Gd,0,,Detchd,Unf,1,N,70.0,2006,110000
125,190,RM,IDOTRR,6,8,1982,Gable,None,TA,Av,Gd,N,520,754,1,TA,0,,,,0,N,60.0,2006,84500
934,20,RL,NAmes,7,7,2007,Flat,None,Gd,Gd,Ex,Y,2069,2069,1,Gd,1,Gd,Attchd,RFn,2,Y,313.0,2008,242000
530,80,RL,Timber,6,5,1989,Gable,BrkFace,Gd,Av,Ex,Y,1509,1509,1,Gd,1,Fa,Attchd,RFn,2,Y,85.0,2008,175000
857,60,RL,Gilbert,6,5,1995,Gable,None,Gd,No,Gd,Y,702,1481,0,TA,1,TA,Attchd,Fin,2,Y,65.0,2009,174000
713,190,RL,BrkSide,4,5,1970,Gable,BrkFace,TA,Av,TA,N,960,960,1,TA,0,,Detchd,Unf,2,Y,60.0,2006,129000
90,20,RL,NAmes,4,5,1950,Gable,None,,,TA,Y,1040,1040,0,TA,0,,Detchd,Unf,2,Y,60.0,2006,109900
1412,90,RL,NAmes,4,5,1950,Gable,None,,,Fa,N,1040,1040,0,TA,0,,Detchd,Unf,2,Y,60.0,2009,90000
181,70,RL,Crawfor,7,6,1950,Gable,None,Fa,No,Gd,Y,901,1802,0,TA,1,Gd,Detchd,Unf,1,Y,54.0,2006,200100
875,60,FV,Somerst,8,5,2007,Gable,None,Gd,Av,Ex,Y,1184,2610,0,Ex,1,Gd,BuiltIn,Fin,2,Y,75.0,2007,303477
1151,20,RL,Edwards,5,4,1959,Gable,BrkFace,TA,No,TA,Y,1466,1466,0,Fa,2,Gd,Attchd,Fin,2,Y,134.0,2006,149900
786,50,RM,OldTown,5,6,1950,Gable,None,Fa,No,TA,Y,966,1652,1,TA,0,,Detchd,Unf,1,Y,60.0,2010,139000
414,60,RL,SawyerW,7,5,1993,Gable,None,Gd,No,Ex,Y,1080,2097,0,Gd,1,TA,Attchd,Unf,3,Y,59.0,2008,228000
251,120,RM,Crawfor,8,5,2007,Hip,Stone,Gd,Gd,Ex,Y,1625,1625,1,Gd,1,Gd,Attchd,Fin,2,Y,44.0,2007,235000
69,50,RL,ClearCr,7,4,1953,Gable,None,TA,No,TA,Y,1304,2287,0,TA,1,TA,Attchd,Fin,2,Y,81.0,2006,225000
803,60,RL,NridgHt,9,5,2009,Hip,Stone,Ex,Gd,Ex,Y,1734,2822,0,Ex,1,Gd,BuiltIn,RFn,3,Y,107.0,2009,582933
131,60,RL,Gilbert,6,5,2000,Gable,BrkFace,Gd,No,Ex,Y,1022,2054,1,Gd,1,TA,BuiltIn,RFn,2,Y,,2009,244000
300,190,RL,Crawfor,5,5,1953,Hip,BrkFace,TA,Mn,TA,Y,1336,1336,1,TA,2,Gd,Attchd,Unf,1,Y,90.0,2006,157000
978,20,RL,Edwards,4,5,1954,Gable,None,TA,No,Ex,Y,894,894,0,TA,0,,Detchd,Unf,2,Y,68.0,2007,110000
326,120,RL,Veenker,8,5,1993,Gable,None,Gd,Gd,Ex,Y,1719,1719,2,Gd,2,Gd,Attchd,Fin,2,Y,32.0,2008,324000
1426,60,RL,NoRidge,7,5,1994,Gable,BrkFace,Gd,No,Ex,Y,1223,2127,1,Gd,2,TA,Attchd,RFn,2,Y,81.0,2008,271000
1083,20,RL,NAmes,6,6,1964,Hip,BrkFace,TA,No,TA,Y,1251,1251,1,TA,2,Gd,Attchd,RFn,1,Y,80.0,2006,160000
499,20,RL,NAmes,5,7,1985,Gable,None,TA,No,Fa,Y,912,912,0,TA,0,,Attchd,Fin,1,Y,70.0,2007,120000
968,50,RM,OldTown,3,6,1950,Gable,None,TA,No,Fa,N,600,968,0,TA,0,,,,0,Y,50.0,2009,37900
832,60,RL,CollgCr,7,6,2003,Gable,BrkFace,Gd,No,Ex,Y,941,1829,1,Gd,1,TA,Attchd,RFn,2,Y,44.0,2010,237000
364,60,RL,NWAmes,6,5,1976,Gable,BrkFace,Gd,Mn,TA,Y,790,1574,1,TA,1,TA,Attchd,Fin,2,Y,,2006,190000
495,30,C (all),IDOTRR,4,5,1950,Gable,None,TA,No,TA,N,720,720,0,TA,0,,,,0,N,60.0,2009,34900
1359,20,RL,NridgHt,9,5,2005,Hip,BrkFace,Ex,Av,Ex,Y,1980,1980,1,Ex,1,Gd,Attchd,Fin,3,Y,129.0,2006,315000
338,20,RL,NWAmes,7,7,1998,Gable,None,Gd,Mn,Ex,Y,1621,1621,1,Gd,0,,Attchd,RFn,2,Y,91.0,2006,202500
421,20,RL,NWAmes,6,7,2000,Gable,Stone,Gd,No,Gd,Y,1602,1602,0,Gd,1,TA,Attchd,Fin,2,Y,,2009,215000
164,40,RM,OldTown,6,7,2004,Gable,None,TA,Mn,Gd,Y,1149,1616,0,Gd,0,,Detchd,Unf,1,Y,40.0,2007,152000
28,20,RL,NAmes,5,6,1997,Gable,None,TA,Gd,TA,Y,1600,1600,1,TA,2,Gd,Attchd,RFn,1,Y,47.0,2006,207500
516,80,RL,NWAmes,6,6,1972,Gable,BrkFace,TA,No,TA,Y,1378,2119,0,TA,1,TA,Attchd,RFn,2,Y,,2009,158000
193,160,RM,Edwards,7,5,2004,Gable,Stone,Gd,No,Ex,Y,970,1709,0,Gd,0,,Detchd,Unf,2,Y,24.0,2006,130000
1250,20,RL,NAmes,7,5,1968,Hip,None,TA,No,Ex,Y,2110,2110,1,Ex,2,TA,Attchd,Fin,2,Y,93.0,2010,244000
1326,30,RH,Edwards,3,6,2006,Gable,None,TA,No,Ex,Y,774,774,0,Gd,0,,,,0,Y,70.0,2007,79000
1325,30,RM,IDOTRR,4,4,1950,Gable,None,TA,No,Fa,N,796,796,0,TA,0,,,,0,N,40.0,2008,55000
169,20,RL,Timber,8,6,1981,Hip,BrkFace,Gd,No,TA,Y,1707,1707,0,TA,1,TA,Attchd,RFn,2,Y,,2006,228000
167,60,RL,NridgHt,8,5,2007,Gable,Stone,Ex,No,Ex,Y,1610,2161,1,Ex,1,Gd,Attchd,Fin,3,Y,86.0,2007,325624
652,60,RL,CollgCr,7,5,1996,Gable,None,Gd,No,Ex,Y,909,1716,0,Gd,1,TA,Attchd,RFn,2,Y,70.0,2009,191000
173,20,RL,NAmes,6,5,1961,Gable,BrkCmn,TA,No,TA,Y,1362,1362,1,TA,1,TA,Attchd,Unf,2,Y,80.0,2008,163000
518,60,RL,CollgCr,6,5,1998,Gable,None,Gd,Mn,Ex,Y,882,1796,1,TA,0,,Attchd,RFn,2,Y,,2007,211000
1181,120,RM,Crawfor,8,5,2008,Hip,Stone,Ex,Gd,Ex,Y,1652,1652,1,Gd,1,Gd,Attchd,Fin,2,Y,64.0,2008,392500
1149,70,RM,OldTown,7,9,1988,Hip,None,TA,No,Ex,Y,832,1482,0,TA,0,,Detchd,Unf,2,Y,50.0,2009,143000
912,30,RM,BrkSide,5,7,1950,Gable,None,TA,No,TA,N,1015,1015,0,TA,0,,Detchd,Unf,1,Y,51.0,2006,88000
491,50,RL,NAmes,6,7,1950,Gable,None,TA,No,TA,Y,958,1578,1,Fa,2,TA,Attchd,Unf,1,Y,79.0,2006,133000
73,20,RL,NAmes,5,7,2003,Gable,BrkFace,TA,No,Gd,Y,1086,1086,1,TA,0,,Attchd,Unf,2,Y,85.0,2010,144900
1219,160,RM,BrDale,6,5,1971,Gable,BrkFace,TA,No,TA,Y,672,1218,0,TA,0,,,,0,N,21.0,2006,91500
587,85,RL,Sawyer,5,6,1982,Hip,None,TA,Av,TA,Y,860,860,1,TA,0,,Detchd,Unf,2,Y,74.0,2009,137000
750,50,RM,OldTown,4,7,2004,Gable,None,TA,No,Gd,Y,792,1140,0,TA,0,,,,0,N,55.0,2010,96500
657,70,RL,Crawfor,7,6,2000,Gable,None,Gd,No,TA,Y,851,1502,0,TA,1,Gd,Attchd,RFn,1,P,60.0,2008,149000
842,80,RL,NAmes,6,7,1966,Gable,BrkFace,TA,Gd,TA,Y,1165,1165,1,TA,0,,Attchd,RFn,2,Y,82.0,2008,174900
234,60,RL,Gilbert,6,5,2002,Gable,,Gd,No,Ex,Y,860,1960,1,Gd,2,TA,BuiltIn,Fin,2,Y,,2010,216500
732,60,RL,CollgCr,7,5,1999,Gable,BrkFace,Gd,Av,Ex,Y,1153,2031,0,Gd,1,TA,Attchd,Fin,2,Y,75.0,2008,222500
214,60,RL,CollgCr,6,7,1977,Gable,BrkFace,Gd,No,Ex,Y,689,1392,0,TA,0,,Attchd,Fin,1,Y,,2010,161750
162,20,RL,NridgHt,7,5,2005,Gable,BrkFace,Gd,Mn,Ex,Y,1541,1541,0,Gd,1,Gd,Attchd,RFn,2,Y,95.0,2010,220000
132,20,RL,NAmes,5,6,2002,Gable,None,TA,No,Gd,Y,1327,1327,1,Gd,0,,Detchd,Unf,2,Y,75.0,2007,150750
1098,50,RM,BrkSide,4,6,1950,Gable,None,TA,No,TA,Y,757,1324,0,TA,0,,Detchd,Unf,1,Y,50.0,2009,128000
222,60,RL,NWAmes,6,6,1975,Gable,None,Gd,No,TA,Y,811,1552,1,TA,1,TA,Attchd,RFn,2,Y,85.0,2006,179900
1312,60,RL,NoRidge,8,5,1990,Gable,BrkFace,Ex,No,Ex,Y,1453,2810,0,Gd,1,Ex,Attchd,RFn,2,Y,,2007,302000
185,75,RM,OldTown,10,9,1993,Gable,None,TA,Mn,Ex,Y,1518,3608,0,Ex,2,TA,Detchd,Unf,3,Y,90.0,2006,475000
41,20,RL,Timber,5,6,1959,Gable,None,TA,Gd,Gd,Y,1328,1328,0,TA,2,Gd,Attchd,RFn,1,P,115.0,2007,170000
692,60,RL,Timber,7,5,1990,Hip,BrkFace,Gd,Gd,Ex,Y,1238,2519,1,Gd,2,Gd,Attchd,RFn,2,Y,42.0,2006,335000
108,50,RM,IDOTRR,5,7,2005,Gable,None,TA,No,TA,N,997,1517,0,Fa,0,,,,0,N,85.0,2007,115000
38,20,RL,NAmes,5,7,2007,Gable,None,TA,No,TA,Y,1057,1057,1,Gd,0,,Detchd,Unf,1,Y,68.0,2010,109000
568,50,RL,SawyerW,8,8,2009,Gable,None,Gd,Gd,Ex,Y,1496,2132,1,Gd,1,Gd,BuiltIn,Fin,2,Y,79.0,2009,316600
947,20,RL,Timber,8,5,2003,Hip,BrkFace,Gd,Av,Ex,Y,1629,1629,1,Gd,1,Gd,Attchd,Fin,3,Y,85.0,2007,270000
1233,20,RL,NAmes,5,5,1959,Hip,BrkFace,TA,No,Fa,Y,1188,1188,1,TA,0,,Attchd,RFn,2,Y,,2010,142000
1403,20,RL,Somerst,8,5,2007,Gable,Stone,Gd,Gd,Ex,Y,1464,1464,1,Gd,0,,Attchd,Unf,3,Y,49.0,2007,282922
483,120,RM,Mitchel,6,5,1998,Hip,BrkFace,Ex,No,Ex,Y,1216,1216,1,TA,0,,Attchd,Unf,2,Y,32.0,2006,164000
468,20,RL,NridgHt,8,5,2006,Gable,Stone,Gd,No,Ex,Y,1634,1634,0,Gd,1,Gd,Attchd,RFn,3,Y,98.0,2007,250000
890,50,RL,NAmes,5,7,2006,Gable,None,TA,Mn,Ex,Y,672,924,0,TA,1,Po,Detchd,Unf,2,Y,60.0,2007,122900
24,20,RL,Sawyer,5,8,2001,Gable,None,TA,Mn,Ex,Y,1060,1060,1,Gd,1,TA,Attchd,Unf,1,Y,,2010,154000
962,160,RL,NPkVill,6,6,1976,Gable,None,Gd,No,TA,Y,804,1548,1,Gd,1,TA,Detchd,Unf,2,Y,24.0,2007,155000
1100,30,RL,SWISU,2,5,1950,Gable,None,TA,No,TA,N,438,438,0,Fa,0,,Detchd,Unf,1,N,60.0,2009,60000
68,30,RM,OldTown,4,6,1950,Gable,None,TA,No,TA,Y,747,747,0,TA,0,,Attchd,Unf,1,Y,47.0,2010,80000
884,20,RL,NAmes,5,5,1967,Gable,BrkFace,TA,No,TA,Y,892,892,0,TA,0,,Attchd,RFn,1,Y,65.0,2009,100000
1231,90,RL,NAmes,5,6,1962,Hip,BrkFace,TA,Av,TA,Y,1190,1190,1,TA,0,,Attchd,Unf,2,Y,70.0,2006,132500
366,20,RL,NAmes,6,5,1963,Gable,BrkFace,Gd,No,Gd,Y,1394,1394,1,TA,2,Gd,Attchd,RFn,2,Y,,2009,159000
505,90,RM,OldTown,5,5,1952,Hip,BrkFace,TA,No,Gd,Y,960,1960,0,TA,0,,Detchd,Unf,2,N,60.0,2009,124500
850,120,RM,CollgCr,6,5,2003,Gable,BrkFace,Gd,Av,Ex,Y,848,848,1,Gd,0,,Attchd,Fin,2,Y,36.0,2007,131500
1281,20,RL,Timber,7,5,1990,Hip,BrkFace,Gd,No,TA,Y,1339,1339,1,TA,1,TA,Attchd,Fin,2,Y,50.0,2006,180000
383,45,RH,SawyerW,6,3,1950,Gable,None,Fa,No,TA,N,784,784,0,TA,0,,Detchd,Unf,2,N,60.0,2009,76000
734,20,RL,Sawyer,5,5,1968,Gable,None,TA,No,TA,Y,948,948,0,TA,0,,Attchd,Unf,1,Y,,2007,108000
717,20,RL,NWAmes,5,6,2000,Gable,None,Gd,No,Gd,Y,1178,1178,0,Gd,1,Fa,Attchd,Unf,2,Y,80.0,2008,157000
1300,60,RL,Gilbert,7,5,1999,Gable,None,Gd,No,Ex,Y,1005,1983,0,Gd,1,TA,Attchd,Fin,2,Y,,2009,225000
454,90,RL,Mitchel,5,5,1976,Gable,None,TA,No,TA,Y,1728,1728,2,TA,0,,Detchd,Unf,2,Y,63.0,2006,188000
264,30,RM,OldTown,5,5,2004,Gable,None,Fa,No,Gd,N,764,764,0,TA,0,,Detchd,Unf,2,N,30.0,2008,73000
75,180,RM,MeadowV,4,5,1973,Gable,None,Gd,Gd,TA,Y,526,988,1,TA,0,,BuiltIn,Unf,1,Y,21.0,2009,91000
914,160,FV,Somerst,6,5,2009,Gable,Stone,Gd,Av,Ex,Y,612,1224,0,Gd,0,,Detchd,RFn,2,Y,30.0,2009,173733
232,160,RM,BrDale,6,5,1972,Gable,BrkFace,TA,No,TA,Y,483,987,0,TA,1,Po,Attchd,Unf,1,Y,21.0,2006,94500
444,60,RL,CollgCr,7,5,1995,Gable,None,Gd,No,Ex,Y,933,1908,1,Gd,1,TA,Attchd,Unf,2,Y,70.0,2008,210000
395,20,RL,Edwards,5,6,1956,Gable,None,TA,Av,TA,Y,1144,1144,1,TA,0,,Attchd,Unf,1,Y,68.0,2010,129000
611,80,RL,NWAmes,6,6,1978,Gable,BrkFace,Gd,Av,TA,Y,1032,1032,0,TA,1,TA,Attchd,Unf,2,Y,,2007,148000
176,60,RL,ClearCr,6,5,1989,Gable,BrkFace,Gd,No,TA,Y,1164,2060,0,TA,1,TA,Attchd,Unf,2,Y,97.0,2007,211000
18,20,RL,SawyerW,5,5,2004,Gable,None,TA,No,Ex,Y,1114,1114,1,Gd,0,,Detchd,Unf,2,Y,66.0,2008,159000
1277,80,RL,NWAmes,6,5,1976,Gable,BrkFace,Gd,Av,Fa,Y,1724,1724,1,TA,1,Gd,Attchd,RFn,2,Y,,2009,197900
1029,160,RM,BrDale,6,7,1972,Gable,BrkFace,TA,No,Gd,Y,672,1218,0,TA,0,,Detchd,Unf,1,Y,21.0,2006,118000
341,20,RH,SawyerW,4,4,1950,Gable,None,TA,No,Gd,Y,841,841,0,TA,0,,CarPort,Unf,1,N,60.0,2009,82000
1097,120,RL,StoneBr,8,5,1986,Gable,None,Gd,No,Ex,Y,1088,1088,0,Gd,0,,Attchd,RFn,2,Y,,2007,170000
879,20,RL,CollgCr,5,8,2005,Gable,BrkFace,TA,No,Ex,Y,864,864,1,TA,0,,Attchd,Unf,1,Y,,2009,136500
595,20,RL,StoneBr,8,5,2006,Gable,BrkFace,Gd,Gd,Ex,Y,1826,1826,1,Gd,1,TA,Attchd,Fin,3,Y,69.0,2006,319000
61,75,RM,IDOTRR,5,7,1996,Gable,None,TA,No,TA,N,581,1111,0,Fa,0,,Detchd,Unf,1,N,60.0,2007,101000
1227,20,RL,NAmes,5,8,2008,Gable,BrkFace,TA,No,Ex,Y,912,912,1,Gd,0,,Detchd,Unf,2,Y,72.0,2008,147000
272,60,RL,NoRidge,8,7,2007,Gable,BrkFace,Gd,No,Ex,Y,1164,2270,0,Gd,1,Gd,Attchd,Fin,3,Y,92.0,2010,290000
1176,20,RL,Mitchel,5,5,1985,Gable,None,TA,No,TA,Y,923,923,1,TA,0,,Attchd,Unf,1,Y,37.0,2008,119500
872,20,RL,NAmes,5,7,1996,Gable,None,TA,Av,Gd,Y,910,910,0,Gd,0,,Attchd,Unf,2,Y,74.0,2008,116000
1090,90,RL,NAmes,3,4,1950,Gable,None,,,Fa,N,1040,1040,0,TA,0,,Detchd,Unf,2,Y,60.0,2009,92900
1370,50,RL,OldTown,4,6,1950,Gable,None,TA,No,Ex,Y,840,1374,0,TA,0,,Detchd,Fin,1,Y,90.0,2009,105000
278,20,RL,NridgHt,9,5,2007,Gable,BrkFace,Ex,Gd,Ex,Y,2121,2121,0,Ex,1,Ex,Attchd,Fin,3,Y,107.0,2007,415298
1128,60,RL,Gilbert,7,5,2005,Gable,None,Gd,Av,Ex,Y,847,1959,0,Gd,1,Gd,BuiltIn,Fin,2,Y,59.0,2007,215000
694,50,RM,BrkSide,5,6,1950,Gable,None,TA,No,TA,Y,1067,1539,0,TA,0,,Detchd,Unf,2,Y,51.0,2009,141500
368,20,RL,NAmes,5,6,1954,Gable,BrkFace,TA,No,Gd,Y,1268,1268,0,TA,1,Gd,Attchd,Fin,1,Y,78.0,2010,132000
1345,30,RM,OldTown,4,4,1950,Hip,None,TA,No,Gd,Y,960,960,0,Fa,0,,Detchd,Unf,1,Y,50.0,2007,108500
36,20,RL,CollgCr,5,5,1995,Gable,None,Gd,No,Ex,Y,1097,1097,0,TA,0,,Attchd,Unf,2,Y,112.0,2009,145000
735,75,RM,OldTown,7,7,1970,Gable,None,Gd,Mn,Fa,N,880,1768,0,TA,2,TA,Detchd,Unf,2,N,60.0,2006,163000
1411,50,RL,NAmes,6,8,2005,Gable,None,TA,No,Ex,Y,1112,1668,0,TA,0,,Attchd,Unf,1,Y,80.0,2009,140000
662,20,RL,NAmes,6,3,1968,Hip,BrkFace,Fa,No,Gd,Y,1392,1392,1,TA,2,TA,Attchd,RFn,2,Y,120.0,2009,110000
1285,50,RM,BrkSide,6,6,1950,Gable,None,TA,No,Ex,Y,825,1412,0,TA,1,Gd,Detchd,Unf,1,Y,50.0,2009,132500
1316,20,RL,CollgCr,8,5,2008,Gable,Stone,Ex,Gd,Ex,Y,1630,1630,1,Ex,1,Gd,Attchd,RFn,3,Y,61.0,2009,295493
977,120,FV,Somerst,7,5,2007,Gable,,Gd,No,Ex,Y,1241,1241,1,Gd,0,,Attchd,Fin,2,Y,35.0,2007,199900
547,85,RL,Mitchel,5,7,1970,Gable,None,Gd,Av,Ex,Y,768,768,1,TA,0,,Detchd,Unf,2,Y,54.0,2007,129500
1161,20,RL,Crawfor,6,7,2006,Hip,BrkFace,TA,No,Ex,Y,1640,1640,1,Gd,1,Gd,Detchd,Unf,2,Y,,2008,224000
688,20,RL,StoneBr,8,6,2007,Gable,BrkFace,Gd,Av,Ex,Y,1419,1419,1,Gd,1,Gd,Attchd,RFn,2,Y,60.0,2007,392000
738,90,RL,Edwards,5,5,1988,Gable,None,Gd,Gd,TA,Y,1200,1200,3,TA,0,,,,0,Y,60.0,2009,179000
191,60,RL,NAmes,7,9,2004,Gable,BrkFace,TA,No,Gd,Y,725,1479,1,Gd,0,,Attchd,Fin,2,Y,,2007,184000
919,20,RL,NAmes,6,8,2002,Hip,None,Gd,No,Ex,Y,1414,1414,1,TA,1,TA,Attchd,Unf,2,Y,87.0,2008,176500
456,70,RM,OldTown,5,5,1950,Gable,None,TA,No,Fa,N,624,1344,0,TA,0,,Detchd,Unf,3,Y,34.0,2008,98000
868,60,RL,Gilbert,5,6,1950,Gable,None,,,Gd,Y,1547,2320,0,TA,1,TA,Attchd,Unf,2,P,,2006,169000
393,30,RL,BrkSide,4,5,1950,Gable,None,TA,No,TA,Y,788,788,0,TA,2,TA,,,0,Y,,2006,100000
675,160,RL,NPkVill,6,6,1978,Gable,None,TA,No,TA,Y,855,1441,0,TA,1,TA,Attchd,Unf,2,Y,24.0,2009,148500
760,20,RL,NAmes,6,6,1959,Hip,None,TA,No,Ex,Y,864,864,0,TA,0,,Detchd,Unf,1,Y,70.0,2009,127500
1436,20,RL,NAmes,4,6,1971,Gable,None,TA,No,TA,Y,864,864,0,TA,0,,Detchd,Unf,2,Y,60.0,2007,120500
728,90,RL,NAmes,5,5,1958,Gable,BrkFace,TA,No,TA,Y,1776,1776,1,TA,0,,Detchd,Unf,3,Y,85.0,2009,110000
419,20,RL,NAmes,5,6,1968,Gable,None,TA,No,Ex,Y,1056,1056,1,TA,1,Fa,Attchd,Unf,1,Y,65.0,2010,142000
375,30,RL,Edwards,1,1,1950,Gable,None,Fa,Gd,Gd,N,904,904,1,Fa,0,,,,0,Y,,2009,61000
412,20,FV,Somerst,7,5,2009,Gable,Stone,Ex,Av,Ex,Y,1478,1478,1,Gd,1,Gd,Attchd,Fin,2,Y,,2010,222000
74,50,RM,OldTown,3,6,1950,Gambrel,None,Fa,No,Gd,N,840,1605,0,TA,0,,Detchd,Unf,1,Y,60.0,2010,107400
1366,60,RL,CollgCr,7,5,1999,Gable,BrkFace,Gd,No,Ex,Y,882,1790,1,Gd,0,,Attchd,RFn,2,Y,68.0,2008,193000
1141,60,RL,NWAmes,5,7,1976,Gable,BrkFace,TA,No,Ex,Y,1088,1868,1,Gd,1,TA,Attchd,Unf,2,Y,,2009,197500
500,160,RM,BrDale,6,5,1973,Gable,BrkFace,TA,No,TA,Y,672,1218,0,TA,0,,Detchd,Unf,1,Y,21.0,2007,113000
825,20,RL,NridgHt,10,5,2008,Hip,BrkFace,Ex,Av,Ex,Y,2084,2084,1,Ex,1,Gd,Attchd,Fin,3,Y,114.0,2008,385000
195,160,RL,NPkVill,6,6,1976,Gable,None,Gd,No,TA,Y,855,1456,0,TA,1,TA,Attchd,Unf,2,Y,24.0,2009,148500
1459,20,RL,Edwards,5,6,1965,Gable,None,TA,No,Gd,Y,1256,1256,1,TA,0,,Attchd,Fin,1,Y,75.0,2008,147500
616,60,RL,Gilbert,6,5,2003,Gable,None,Gd,No,Ex,Y,807,1509,1,Gd,1,Gd,Attchd,Fin,2,Y,,2006,183200
114,70,RL,Crawfor,6,8,2002,Gambrel,None,TA,No,Ex,Y,1436,2320,1,Gd,1,TA,Detchd,Unf,1,Y,61.0,2007,259500
417,70,RL,Crawfor,6,6,1950,Hip,None,Gd,No,TA,N,1370,2624,1,TA,1,Gd,Detchd,Unf,3,N,86.0,2007,239000
601,50,RM,IDOTRR,6,6,1950,Gable,None,TA,No,TA,Y,780,1375,0,Gd,1,Gd,Detchd,Unf,1,P,50.0,2007,141000
969,190,RL,NAmes,6,5,1958,Hip,BrkFace,TA,Gd,TA,Y,1095,1095,1,TA,0,,Attchd,RFn,1,Y,75.0,2006,140000
921,90,RL,Edwards,5,7,2003,Gable,None,TA,No,Gd,Y,1272,2200,2,TA,0,,,,0,N,67.0,2008,145900
604,20,RL,CollgCr,7,5,2002,Gable,BrkFace,Gd,Mn,Ex,Y,1494,1494,1,Gd,1,TA,Attchd,RFn,2,Y,88.0,2008,221000
1448,50,RL,Edwards,4,7,2000,Gable,None,Fa,No,Gd,N,796,1346,0,TA,0,,Detchd,Unf,1,Y,70.0,2007,112000
89,20,RL,CollgCr,4,5,1995,Gable,None,Gd,No,Ex,Y,990,990,1,TA,0,,,,0,Y,60.0,2007,123600
848,50,RL,ClearCr,6,8,1997,Gable,None,TA,No,TA,Y,1307,2358,0,TA,1,Gd,Detchd,Unf,2,Y,75.0,2008,240000
1114,20,RL,OldTown,5,7,2000,Gable,None,TA,No,Ex,Y,833,833,0,Gd,0,,Detchd,Unf,1,Y,90.0,2006,117000
1395,60,RL,Timber,8,5,2006,Hip,BrkFace,Gd,Gd,Ex,Y,1133,2482,0,Gd,1,Gd,BuiltIn,Fin,3,Y,88.0,2007,281213
753,60,RL,NridgHt,8,5,2005,Gable,BrkFace,Gd,Mn,Gd,Y,1038,2098,0,Ex,1,Gd,Attchd,RFn,3,Y,80.0,2006,275500
498,20,RL,Sawyer,5,7,2004,Hip,BrkFace,TA,No,Ex,Y,899,899,0,Gd,0,,Attchd,Fin,1,Y,65.0,2009,130000
11,60,RL,NridgHt,9,5,2006,Hip,Stone,Ex,No,Ex,Y,1182,2324,1,Ex,2,Gd,BuiltIn,Fin,3,Y,85.0,2006,345000
396,20,RL,CollgCr,5,5,1972,Hip,None,TA,Av,TA,Y,894,894,0,TA,0,,Detchd,RFn,2,Y,60.0,2009,123000
284,120,RL,SawyerW,6,5,1992,Gable,None,Gd,No,Gd,Y,1575,1575,1,Gd,0,,Attchd,RFn,2,Y,50.0,2007,179200
690,120,RM,CollgCr,6,5,2004,Gable,BrkFace,Gd,Gd,Ex,Y,848,848,1,Gd,1,TA,Attchd,RFn,2,Y,,2008,141000
1197,75,RM,OldTown,7,6,1950,Gable,None,TA,No,Ex,Y,815,1690,0,TA,1,Gd,Detchd,Unf,1,Y,65.0,2006,144000
1367,160,RM,MeadowV,5,6,1977,Gable,None,TA,No,Ex,Y,925,1475,0,TA,1,TA,Attchd,RFn,1,Y,41.0,2006,127000
689,120,RL,NridgHt,6,5,2006,Gable,Stone,Gd,Av,Ex,Y,1362,1362,0,Gd,1,Gd,Attchd,RFn,2,Y,61.0,2007,194700
851,120,RL,Blmngtn,8,5,2003,Gable,BrkFace,Gd,Gd,Ex,Y,1456,1456,0,Gd,1,TA,Attchd,Fin,2,Y,,2006,215000
159,60,RL,Gilbert,7,5,2006,Gable,BrkFace,Gd,Mn,Ex,Y,1392,2462,1,Gd,1,Gd,Attchd,RFn,2,Y,134.0,2006,320000
895,60,RL,NAmes,6,5,1963,Hip,BrkFace,TA,No,TA,Y,983,1796,1,TA,1,TA,Attchd,RFn,2,Y,71.0,2008,140000
1192,50,RM,OldTown,5,8,1994,Gambrel,None,TA,Mn,Gd,Y,842,1472,0,Gd,0,,Detchd,Unf,1,P,60.0,2007,125000
257,20,RL,CollgCr,7,5,2006,Gable,Stone,Gd,No,Ex,Y,1604,1604,1,Gd,1,Gd,Attchd,RFn,2,Y,68.0,2009,220000
335,190,RL,Timber,5,6,1965,Gable,None,TA,Gd,Ex,Y,1619,1786,2,TA,2,Gd,Attchd,Fin,2,Y,,2008,228950
1371,80,RL,NAmes,6,6,1996,Hip,None,TA,Av,Gd,Y,1661,1661,1,Gd,1,TA,BuiltIn,RFn,1,Y,80.0,2008,165500
1039,180,RM,MeadowV,4,4,1970,Gable,None,Gd,Av,TA,Y,630,630,1,TA,0,,Attchd,Unf,1,Y,21.0,2009,80000
515,20,RL,NridgHt,10,5,2009,Hip,BrkFace,Ex,No,Ex,Y,2020,2020,1,Ex,1,Gd,Attchd,Fin,3,Y,94.0,2009,402861
1015,60,RL,NWAmes,8,6,2001,Gable,None,Gd,No,Ex,Y,810,1665,1,Gd,0,,Attchd,Fin,2,Y,70.0,2009,227000
768,20,RL,CollgCr,7,5,2005,Hip,None,Gd,No,Ex,Y,1836,1836,0,Gd,1,Gd,Attchd,Fin,2,Y,70.0,2006,216837
1292,70,RM,OldTown,5,4,1965,Gable,None,TA,No,TA,N,1378,2372,0,TA,0,,Attchd,RFn,1,Y,60.0,2009,107500
761,30,RM,BrkSide,5,5,1950,Gable,None,TA,Mn,TA,Y,1301,1301,0,Fa,0,,Detchd,Unf,2,Y,60.0,2009,100000
1074,20,RL,CollgCr,7,5,2006,Gable,None,Gd,Av,Ex,Y,1240,1240,0,Gd,0,,Attchd,RFn,3,Y,74.0,2007,194000
521,20,RL,NAmes,6,6,1957,Gable,None,TA,No,Ex,Y,1244,1244,0,TA,2,Gd,Attchd,Unf,1,Y,90.0,2007,150000
22,20,RL,CollgCr,8,5,2002,Hip,BrkFace,Gd,No,Ex,Y,1795,1795,0,Gd,1,Gd,Attchd,RFn,2,Y,75.0,2008,230000
356,20,RL,Gilbert,6,6,1992,Gable,BrkFace,Gd,No,Gd,Y,1167,1167,1,Gd,0,,Attchd,RFn,2,Y,,2009,173000
1451,20,RL,Somerst,8,5,2009,Gable,Stone,Gd,No,Ex,Y,1578,1578,0,Ex,1,Gd,Attchd,Fin,3,Y,78.0,2009,287090
340,60,RL,Timber,8,5,2002,Gable,None,Gd,No,Ex,Y,993,1908,0,Gd,0,,Attchd,Fin,2,Y,85.0,2010,202900
431,50,RM,OldTown,6,7,1998,Gable,None,TA,No,Gd,Y,1088,1198,0,TA,0,,,,0,N,60.0,2008,79900
473,20,RL,NridgHt,8,5,2007,Gable,BrkFace,Ex,Gd,Ex,Y,1976,1976,1,Gd,1,Ex,Attchd,RFn,3,Y,110.0,2007,440000
217,70,RM,OldTown,4,4,1950,Gable,None,TA,No,Fa,N,810,1328,0,TA,0,,Detchd,Unf,1,Y,57.0,2006,107000
911,20,RL,CollgCr,5,7,1989,Gable,None,Gd,Av,TA,Y,1268,1268,0,Gd,0,,Detchd,Unf,1,Y,,2009,143500
1172,160,FV,Somerst,7,5,2007,Gable,None,Gd,No,Ex,Y,625,1250,0,Gd,0,,Detchd,Fin,2,Y,35.0,2008,171900
1011,90,RL,Edwards,5,5,1965,Hip,None,,,TA,N,1664,1664,0,TA,0,,,,0,Y,75.0,2010,100000
1420,60,RL,NWAmes,6,6,1968,Gable,BrkFace,TA,No,Gd,Y,708,1416,0,TA,1,TA,Attchd,RFn,2,Y,90.0,2006,179900
93,190,C (all),OldTown,6,6,1998,Hip,None,TA,Mn,Ex,N,1260,2291,0,TA,1,Gd,Detchd,Unf,2,Y,60.0,2007,133900
1008,20,RL,Mitchel,7,5,2005,Hip,Stone,Ex,Mn,Ex,Y,1710,1710,0,Gd,1,Gd,Attchd,Fin,2,Y,43.0,2009,240000
696,30,RM,BrkSide,5,7,1950,Gable,None,TA,No,Gd,Y,616,616,0,TA,0,,Detchd,Unf,1,Y,50.0,2006,89000
996,20,RL,NAmes,5,6,1961,Hip,None,TA,No,TA,Y,1050,1050,1,TA,0,,Attchd,Unf,1,Y,,2006,136500
153,20,RL,ClearCr,6,7,1975,Flat,None,Gd,Gd,Gd,Y,1252,1252,1,TA,1,Gd,Attchd,RFn,2,Y,,2008,235000
1307,20,RL,CollgCr,5,5,1995,Gable,None,Gd,No,Ex,Y,990,990,1,TA,0,,Detchd,Unf,2,Y,60.0,2009,138000
1458,20,RL,NAmes,5,6,1996,Hip,None,TA,Mn,Gd,Y,1078,1078,1,Gd,0,,Attchd,Unf,1,Y,68.0,2010,142125
789,60,RL,ClearCr,6,8,2007,Gable,BrkFace,TA,Gd,Gd,Y,976,2087,0,Gd,0,,Attchd,Fin,2,Y,,2007,187500
580,20,RL,NAmes,6,6,1987,Gable,BrkFace,TA,No,Ex,Y,1429,1429,0,Gd,2,Gd,Attchd,Unf,2,Y,,2007,181900
703,190,RM,OldTown,5,9,1996,Gable,None,Gd,No,Gd,Y,1032,1812,0,Gd,1,Po,Detchd,Unf,2,N,76.0,2010,140000
1225,80,RL,NAmes,6,8,1958,Hip,BrkFace,TA,Av,Ex,Y,1138,1138,0,TA,0,,Attchd,RFn,1,Y,65.0,2007,145000
487,20,RL,NWAmes,5,6,1971,Gable,None,Gd,Av,Gd,Y,1484,1484,0,TA,1,TA,Attchd,Unf,2,Y,70.0,2007,175000
559,120,RL,Blmngtn,7,5,2004,Gable,BrkFace,Gd,Gd,Ex,Y,1557,1557,0,Gd,1,TA,Attchd,Fin,2,Y,,2006,234000
801,30,RM,IDOTRR,4,7,1990,Gable,None,TA,No,Ex,Y,1196,1196,1,TA,0,,Detchd,Unf,2,Y,40.0,2007,109900
512,20,RL,NAmes,5,5,1958,Gable,None,TA,No,TA,Y,864,864,1,TA,0,,Detchd,Unf,2,Y,70.0,2006,129900
633,20,RL,NAmes,5,7,2005,Gable,None,TA,No,TA,Y,1056,1056,0,TA,0,,Attchd,Unf,1,Y,80.0,2007,139400
1302,60,RL,NoRidge,8,5,1994,Hip,BrkFace,Gd,No,Ex,Y,1203,2526,1,Gd,1,TA,Attchd,RFn,3,Y,92.0,2006,290000
790,120,RL,Blmngtn,7,5,2006,Gable,BrkFace,Gd,No,Ex,Y,1145,1145,0,Gd,1,Gd,Attchd,Fin,2,Y,43.0,2009,160200
116,20,RL,Sawyer,5,5,1962,Gable,BrkFace,TA,No,TA,Y,1092,1092,0,TA,1,Po,Attchd,Unf,1,Y,,2009,139000
740,70,RM,OldTown,5,7,2002,Gable,None,Fa,No,Ex,Y,768,1432,0,TA,0,,Detchd,Unf,2,Y,60.0,2007,132000
830,20,RL,NAmes,6,5,1957,Gable,BrkFace,TA,No,TA,Y,1392,1392,1,TA,2,Gd,Attchd,RFn,2,Y,80.0,2008,166000
119,60,RL,CollgCr,6,5,2006,Gable,None,Gd,No,Ex,Y,728,1456,0,Gd,1,Gd,Attchd,Fin,2,Y,65.0,2006,163990
656,20,RL,NAmes,5,7,2006,Gable,BrkFace,TA,No,Ex,Y,1053,1053,1,Gd,0,,Attchd,RFn,1,Y,72.0,2008,145500
635,190,RH,SWISU,6,7,1995,Hip,None,TA,No,Ex,Y,1440,3395,0,Fa,0,,,,0,N,60.0,2007,200000
369,20,RL,NAmes,5,7,2006,Gable,None,TA,No,Ex,Y,1287,1287,1,Gd,1,Gd,Detchd,Fin,2,Y,,2010,162000
268,30,RM,IDOTRR,5,6,1955,Gable,None,TA,No,Ex,Y,778,778,0,TA,1,Gd,Detchd,Fin,1,Y,71.0,2008,120500
655,160,RM,BrDale,6,5,1971,Gable,BrkFace,TA,No,TA,Y,525,1092,0,TA,0,,Detchd,Unf,1,Y,21.0,2010,88000
935,30,RL,BrkSide,4,5,1953,Gable,BrkFace,Fa,Mn,Gd,Y,747,747,0,TA,0,,Detchd,Unf,2,Y,52.0,2006,79900
822,60,RL,Gilbert,7,5,2003,Gable,None,Gd,Gd,Ex,Y,847,1733,0,Gd,1,Gd,BuiltIn,Fin,2,Y,,2007,225000
866,20,RL,Timber,8,5,2007,Gable,Stone,Gd,Av,Ex,Y,1646,1646,0,Gd,1,Gd,Attchd,RFn,3,Y,67.0,2007,248900
46,50,RL,Mitchel,7,5,2003,Gable,None,Ex,No,Ex,Y,1518,2149,1,Gd,1,Ex,Attchd,RFn,2,Y,48.0,2009,239686
1287,20,RL,ClearCr,5,5,1964,Gable,BrkCmn,TA,Av,Fa,Y,1582,1582,0,TA,0,,Attchd,Unf,2,N,,2006,190000
991,70,RM,OldTown,8,9,1986,Gable,None,TA,No,Gd,Y,916,1742,0,Gd,1,Gd,Attchd,Unf,2,P,121.0,2009,168000
876,20,RL,Mitchel,4,5,1963,Gable,None,TA,Gd,Gd,Y,1040,1040,1,TA,0,,Attchd,Unf,2,Y,94.0,2007,132250
773,20,RL,NAmes,5,5,1958,Gable,None,TA,No,Ex,Y,912,912,0,TA,0,,Attchd,RFn,1,Y,70.0,2007,114500
4,60,RL,NoRidge,8,5,2000,Gable,BrkFace,Gd,Av,Ex,Y,1145,2198,1,Gd,1,TA,Attchd,RFn,3,Y,84.0,2008,250000
1003,90,RL,NWAmes,5,6,1976,Gable,BrkFace,TA,No,Fa,Y,1680,1680,0,TA,0,,Detchd,Unf,2,Y,,2007,136905
1268,50,RL,Crawfor,8,9,1997,Gable,BrkFace,TA,Mn,Ex,Y,1968,3447,0,Gd,2,Gd,BuiltIn,Unf,3,Y,,2008,381000
263,50,RM,OldTown,5,7,2001,Gable,None,TA,No,TA,Y,926,1316,1,TA,0,,Detchd,Unf,2,Y,50.0,2010,130000
1360,70,RL,SWISU,5,6,1998,Gable,None,TA,No,Ex,Y,990,2601,0,TA,0,,BuiltIn,RFn,2,Y,51.0,2008,189000
1334,160,RM,BrDale,5,6,1970,Gable,None,TA,No,TA,Y,765,1365,0,TA,0,,Attchd,Unf,2,Y,24.0,2009,125000
443,120,RL,Blmngtn,7,5,2007,Gable,BrkFace,Ex,Av,Ex,Y,1258,1258,0,Gd,1,Gd,Attchd,Fin,3,Y,53.0,2007,172500
1002,20,RL,Somerst,8,5,2006,Gable,BrkFace,Gd,No,Ex,Y,1574,1574,0,Gd,1,Gd,Attchd,RFn,3,Y,75.0,2008,232000
1077,20,RL,NAmes,5,5,1969,Gable,None,TA,Mn,Ex,Y,1096,1096,1,TA,0,,Attchd,Fin,1,Y,,2006,138800
837,160,RM,BrDale,6,5,1973,Gable,BrkFace,TA,No,TA,Y,483,987,1,TA,0,,Detchd,Unf,1,Y,21.0,2008,100000
1304,160,RM,Edwards,7,5,2004,Gable,Stone,Gd,No,Ex,Y,976,1708,0,Gd,0,,Detchd,Unf,2,Y,32.0,2006,130000
304,75,RM,OldTown,7,9,2002,Gable,None,TA,No,Ex,Y,1675,3493,0,Gd,1,Ex,Attchd,Unf,3,Y,87.0,2008,295000
1211,50,RL,Gilbert,8,7,2005,Gable,None,Gd,Av,Gd,Y,1080,1752,0,TA,0,,Basment,RFn,2,Y,152.0,2010,164000
313,20,RL,Timber,7,5,1965,Hip,None,Gd,Gd,TA,Y,2036,2036,2,TA,2,Gd,Attchd,RFn,2,Y,150.0,2009,375000
149,50,RM,BrkSide,5,4,1950,Gable,None,Gd,No,Gd,Y,896,1344,0,TA,0,,Detchd,Unf,1,Y,,2006,115000
574,80,RL,NAmes,5,7,2005,Gambrel,BrkFace,TA,Av,TA,Y,576,1109,0,TA,0,,BuiltIn,Unf,1,Y,70.0,2007,139000
50,60,RL,Gilbert,6,6,1997,Gable,None,Gd,Av,Gd,Y,794,1470,0,TA,0,,Attchd,Fin,2,Y,,2007,177000
1140,20,RL,NAmes,5,7,1951,Gable,None,TA,Mn,TA,Y,952,952,1,TA,0,,Detchd,Unf,2,Y,60.0,2008,139000
726,20,RL,Crawfor,6,9,2007,Hip,BrkFace,Gd,No,Ex,Y,1680,1680,1,Gd,1,Gd,Attchd,Fin,2,Y,,2009,222000
833,20,RL,NAmes,6,6,1964,Gable,BrkFace,TA,No,TA,Y,1516,1516,0,TA,0,,Attchd,RFn,2,Y,100.0,2009,167000
1115,20,RL,NridgHt,8,5,2007,Hip,Stone,Ex,No,Ex,Y,1734,1734,1,Ex,1,Gd,Attchd,RFn,3,Y,93.0,2007,318000
470,120,RL,StoneBr,8,5,1985,Gable,None,Gd,Av,TA,Y,1502,1502,1,Gd,0,,Attchd,RFn,2,Y,,2010,212000
971,160,RL,NridgHt,7,5,2004,Gable,Stone,Gd,No,Ex,Y,764,1626,0,Gd,0,,BuiltIn,RFn,2,Y,36.0,2009,173000
653,50,RM,IDOTRR,6,7,1995,Gable,None,TA,No,Ex,Y,756,1469,0,TA,0,,Detchd,Unf,1,Y,60.0,2008,135000
399,60,FV,Somerst,7,5,2007,Gable,Stone,Gd,No,Ex,Y,1112,1550,1,Gd,0,,Attchd,Fin,2,Y,65.0,2009,241000
511,120,RL,NridgHt,7,5,2006,Gable,Stone,Gd,No,Ex,Y,1368,1368,0,Gd,1,Gd,Attchd,RFn,2,Y,40.0,2006,202665
320,60,RL,NridgHt,9,5,2006,Gable,Stone,Ex,Av,Ex,Y,1249,2596,0,Gd,0,,Attchd,RFn,3,Y,111.0,2006,342643
19,20,RL,NAmes,5,6,1965,Hip,None,TA,No,TA,Y,1339,1339,0,TA,0,,Attchd,Unf,1,Y,70.0,2009,139000
684,60,RL,NoRidge,7,5,1998,Gable,BrkFace,Gd,No,Gd,Y,1195,1839,0,TA,0,,Attchd,Fin,2,Y,58.0,2010,221000
35,60,RL,NridgHt,8,5,2005,Gable,Stone,Ex,Av,Ex,Y,1132,2452,0,Gd,1,Gd,BuiltIn,Fin,3,Y,108.0,2006,309000
902,60,RL,Gilbert,7,5,2003,Gable,None,Gd,No,Ex,Y,807,1509,0,Gd,1,Gd,Attchd,Fin,2,Y,63.0,2006,180000
827,20,RL,SawyerW,7,5,2001,Gable,None,Gd,No,Ex,Y,1434,1434,0,Gd,1,TA,Attchd,RFn,2,Y,65.0,2009,189000
1309,20,RL,SawyerW,6,5,1991,Gable,BrkFace,Gd,No,Gd,Y,1294,1294,1,Gd,0,,Attchd,RFn,2,Y,,2008,179200
407,70,RL,Crawfor,6,7,1976,Gable,None,Gd,No,Ex,Y,840,1680,0,TA,0,,Attchd,Unf,1,Y,63.0,2008,177000
920,60,RL,SawyerW,6,5,1994,Gable,BrkFace,Gd,No,Ex,Y,936,1721,0,Gd,0,,Attchd,RFn,2,Y,70.0,2007,201000
537,20,RL,NAmes,4,5,1972,Hip,None,TA,No,TA,Y,864,864,0,TA,0,,Detchd,Unf,2,Y,,2008,111250
758,160,FV,Somerst,7,5,1999,Gable,BrkFace,Gd,No,Gd,Y,757,1501,0,TA,0,,Detchd,Unf,2,Y,24.0,2008,179400
1062,190,RM,OldTown,5,5,1950,Gable,None,TA,No,TA,N,1422,2337,0,TA,0,,Detchd,Unf,2,Y,85.0,2007,90000
245,20,RL,NWAmes,7,5,1988,Gable,BrkFace,Gd,Av,Gd,Y,1872,1872,0,TA,1,TA,Attchd,Fin,2,Y,80.0,2006,241500
1127,20,RL,Gilbert,7,5,2004,Hip,None,Gd,Av,Ex,Y,1530,1530,1,Gd,1,Gd,Attchd,Fin,3,Y,182.0,2007,259000
784,75,RM,OldTown,6,6,2001,Gable,None,TA,No,Ex,Y,742,1484,0,TA,1,Gd,,,0,Y,35.0,2008,128000
489,180,RM,MeadowV,4,8,2002,Gable,None,Gd,Av,TA,Y,630,630,1,Gd,0,,Attchd,Unf,1,Y,21.0,2009,86000
154,30,RM,OldTown,6,5,1950,Gable,None,TA,No,TA,Y,1200,1200,0,TA,0,,Detchd,Unf,1,Y,84.0,2006,125000
961,60,RL,NWAmes,6,7,1995,Gable,BrkFace,Gd,No,TA,Y,1542,2872,1,TA,1,TA,Attchd,Fin,2,Y,,2008,272000
853,80,RL,NAmes,6,6,1964,Gable,BrkFace,TA,Gd,TA,Y,1445,1445,0,TA,1,Fa,Attchd,RFn,2,Y,,2009,158000
625,20,RL,NAmes,6,6,1962,Hip,BrkFace,TA,No,TA,Y,1116,1116,0,TA,0,,Attchd,Unf,2,Y,87.0,2010,160000
685,160,RL,StoneBr,7,5,1984,Gable,None,Gd,Mn,Gd,Y,1190,2090,1,Gd,1,TA,Attchd,Fin,2,Y,,2007,207500
569,90,RL,NAmes,5,5,1979,Gable,None,Gd,Gd,TA,Y,943,943,1,TA,2,TA,Detchd,Unf,2,Y,,2006,135960
1399,50,RL,SWISU,6,6,1990,Gable,None,TA,No,Ex,Y,1160,1608,0,Gd,1,Gd,Detchd,Unf,1,Y,51.0,2009,137450
17,90,RL,Sawyer,4,5,1967,Gable,None,,,TA,Y,1296,1296,0,TA,0,,CarPort,Unf,2,Y,72.0,2006,90000
127,45,RM,OldTown,5,7,1950,Gable,None,TA,No,Ex,Y,840,840,0,TA,1,TA,,,0,N,55.0,2007,87000
927,60,RL,NWAmes,7,5,1968,Gable,BrkFace,TA,No,Gd,Y,1098,1978,0,TA,1,Gd,Attchd,RFn,2,Y,,2008,176000
980,85,RL,NAmes,7,9,2007,Gable,Stone,TA,Av,Gd,Y,999,999,1,Ex,0,,Attchd,RFn,2,Y,,2008,178400
1431,120,RL,NPkVill,6,6,1976,Gable,None,Gd,No,TA,Y,958,958,0,TA,0,,Attchd,RFn,2,Y,,2009,143750
190,70,RL,Crawfor,8,8,1994,Hip,None,Gd,No,TA,Y,1549,2727,0,Gd,2,TA,Detchd,Unf,2,Y,70.0,2007,315000
1139,30,RL,BrkSide,5,5,1950,Gable,None,TA,No,TA,Y,1167,1167,0,TA,1,Gd,Detchd,Unf,2,Y,98.0,2007,144000
992,60,RL,NAmes,6,8,1993,Hip,BrkFace,TA,Gd,Gd,Y,1020,1851,0,Gd,1,Fa,Attchd,RFn,2,Y,80.0,2007,187000
1425,20,RL,NAmes,6,6,1959,Hip,Stone,TA,No,Ex,Y,1252,1252,0,Gd,0,,Detchd,Unf,2,Y,80.0,2008,142000
1218,50,RM,BrkSide,4,5,1950,Gable,None,,,Gd,N,672,912,0,TA,0,,,,0,N,52.0,2006,80500
606,20,RL,CollgCr,5,5,1996,Gable,None,Gd,No,Gd,Y,1040,1040,1,Gd,0,,Detchd,Unf,2,Y,82.0,2009,152000
180,160,FV,Somerst,6,5,2000,Gable,BrkFace,Gd,No,Ex,Y,769,1525,0,Gd,1,TA,Detchd,Unf,2,Y,,2007,177000
301,60,RL,CollgCr,8,5,1999,Gable,None,Gd,No,Ex,Y,1210,2452,0,Gd,1,TA,BuiltIn,Fin,2,Y,66.0,2007,267000
496,20,RL,NoRidge,8,5,1993,Hip,None,Gd,No,Ex,Y,3228,3228,1,Gd,1,Gd,Attchd,RFn,2,Y,,2007,430000
1258,80,RL,Gilbert,7,5,2005,Gable,Stone,Gd,Gd,Ex,Y,1166,1166,1,Gd,0,,Attchd,Fin,2,Y,59.0,2008,190000
1222,50,RL,NAmes,6,6,1950,Gable,BrkFace,TA,Mn,Ex,Y,1168,1846,0,TA,1,Gd,Attchd,Unf,1,Y,78.0,2007,143000
1204,20,RL,NWAmes,5,6,1975,Gable,None,Gd,No,Ex,Y,1074,1074,1,TA,0,,Attchd,RFn,2,Y,78.0,2006,153500
517,60,RL,NoRidge,7,5,1997,Gable,BrkFace,Gd,No,Ex,Y,1277,2344,0,Gd,1,TA,Attchd,RFn,3,Y,79.0,2009,265000
1069,45,RL,NAmes,5,7,2003,Gable,None,TA,No,TA,Y,893,893,0,Gd,0,,Detchd,Unf,2,Y,60.0,2007,135000
476,20,RL,CollgCr,6,5,1998,Gable,BrkFace,Gd,Gd,Ex,Y,1493,1493,1,Gd,1,TA,Attchd,Fin,2,Y,75.0,2008,208900
157,60,RL,Timber,8,5,2010,Gable,BrkFace,Ex,No,Ex,Y,774,1968,0,Ex,1,Gd,BuiltIn,Fin,3,Y,92.0,2010,269500
16,20,RL,NAmes,6,7,1970,Gable,BrkFace,TA,No,Ex,Y,1004,1004,1,TA,1,TA,Attchd,Fin,2,Y,,2010,149000
1072,50,RL,Edwards,5,3,1950,Gable,None,Fa,Mn,Fa,Y,1002,1456,1,TA,1,TA,Detchd,Unf,1,P,50.0,2006,91500
546,50,RL,BrkSide,6,7,1950,Gable,None,Gd,No,Ex,Y,915,1635,0,TA,1,Gd,Detchd,Unf,2,Y,70.0,2007,210000
658,50,RL,NAmes,6,5,1950,Gable,None,TA,No,TA,Y,912,1458,0,TA,1,Gd,Attchd,Unf,1,Y,78.0,2010,97500
1193,120,RM,Mitchel,6,5,1999,Hip,BrkFace,Ex,No,Ex,Y,1224,1224,1,TA,0,,Attchd,Fin,2,Y,,2009,165000
1019,120,RL,Blmngtn,7,5,2005,Gable,BrkFace,Gd,Gd,Ex,Y,1506,1506,0,Gd,1,Gd,Attchd,Fin,2,Y,43.0,2006,213490
1223,20,RL,NAmes,5,3,1951,Hip,BrkFace,TA,No,TA,N,2136,2136,0,TA,0,,Detchd,Unf,2,Y,89.0,2006,137900
959,160,FV,Somerst,7,5,1999,Hip,None,Gd,No,Ex,Y,696,1416,1,Gd,0,,Detchd,Unf,2,Y,24.0,2010,155000
1373,20,RL,NoRidge,10,5,2002,Hip,BrkFace,Ex,Gd,Ex,Y,2633,2633,1,Ex,2,Gd,Attchd,RFn,3,Y,,2007,466500
283,20,RL,Somerst,8,5,2009,Gable,Stone,Gd,No,Ex,Y,1468,1468,0,Gd,1,Gd,Attchd,Fin,3,Y,74.0,2009,244600
797,20,RL,NAmes,5,5,1953,Gable,None,TA,No,Gd,Y,773,773,0,TA,0,,Attchd,Unf,1,Y,57.0,2008,110000
225,160,RM,BrDale,5,5,1971,Gable,BrkFace,TA,No,TA,Y,630,1302,0,TA,0,,Detchd,Unf,1,Y,21.0,2009,112000
26,20,RL,NAmes,5,7,2000,Gable,None,TA,Mn,TA,Y,900,900,0,Gd,0,,Detchd,Unf,2,Y,60.0,2010,134800
437,45,RM,BrkSide,6,7,2004,Gable,None,TA,No,Gd,Y,904,904,0,TA,0,,Detchd,Unf,1,Y,50.0,2009,119000
1419,20,RL,Crawfor,6,5,1969,Gable,BrkFace,TA,Av,Gd,Y,1844,1844,1,Gd,1,TA,Attchd,RFn,2,Y,,2006,223000
229,120,RL,Blmngtn,7,5,2006,Gable,BrkFace,Gd,Av,Ex,Y,1555,1555,0,Gd,1,TA,Attchd,Fin,2,Y,43.0,2009,192500
37,20,RL,NAmes,5,6,1990,Hip,BrkFace,TA,No,Gd,Y,1297,1297,0,TA,1,TA,Attchd,Fin,2,Y,74.0,2009,153000
749,50,RL,Edwards,4,3,1950,Gable,None,,,TA,N,1088,1529,0,TA,0,,Detchd,Unf,1,N,50.0,2009,98000
1045,20,RL,Edwards,3,5,1955,Hip,None,,,Ex,Y,1733,1733,0,TA,1,Gd,Attchd,Unf,2,Y,,2009,139600
469,60,RL,SawyerW,6,5,1993,Gable,BrkFace,Gd,No,Ex,Y,832,1710,0,Gd,0,,Attchd,RFn,2,Y,76.0,2008,187000
1245,80,RL,NWAmes,6,7,2003,Hip,BrkFace,Gd,No,Ex,Y,1140,1868,0,TA,1,TA,BuiltIn,Fin,2,Y,78.0,2007,178000
1434,20,RL,Mitchel,5,5,1977,Gable,None,TA,No,Fa,Y,1126,1126,1,TA,1,Gd,Attchd,RFn,2,P,80.0,2006,160000
687,160,FV,Somerst,7,5,2004,Gable,None,Gd,No,Ex,Y,551,1102,0,Gd,0,,Detchd,Unf,2,Y,,2007,148800
1343,50,RL,Crawfor,6,6,1950,Gable,None,TA,No,Gd,Y,1172,1913,0,TA,1,TA,Detchd,Unf,2,Y,57.0,2009,177000
639,120,RL,Blmngtn,8,5,2006,Hip,None,Gd,Av,Ex,Y,1567,1567,1,Ex,1,Gd,Attchd,Fin,3,Y,53.0,2006,264561
1261,20,RL,NAmes,5,6,1956,Hip,None,TA,No,Gd,Y,1050,1050,0,TA,0,,Attchd,Unf,1,Y,80.0,2009,128900
1158,20,RL,Somerst,8,5,2008,Gable,Stone,Gd,No,Ex,Y,1580,1580,0,Gd,0,,Attchd,RFn,3,Y,92.0,2008,235128
1217,20,FV,Somerst,8,5,2009,Gable,Stone,Gd,Mn,Ex,Y,1314,1314,1,Gd,0,,Attchd,RFn,2,Y,72.0,2009,229456
1328,50,RM,OldTown,6,7,1950,Gable,None,Gd,No,Ex,Y,1584,2792,0,TA,2,TA,Detchd,Unf,2,Y,60.0,2008,256000
800,60,RL,ClearCr,6,5,1997,Gable,None,Gd,Gd,Gd,Y,616,1688,1,Gd,0,,Attchd,RFn,2,Y,79.0,2008,200000
160,20,RL,Veenker,6,6,1984,Gable,None,Gd,No,TA,Y,1232,1232,0,TA,0,,Attchd,Unf,2,Y,,2008,162500
956,160,RM,Blueste,6,6,1980,Gable,None,Gd,No,TA,Y,561,1229,0,TA,1,TA,Attchd,Fin,2,Y,24.0,2009,124000
1186,190,RL,OldTown,3,5,1970,Gable,None,Fa,Mn,TA,Y,1014,1699,1,TA,0,,CarPort,Unf,2,Y,107.0,2009,95000
821,20,RM,OldTown,4,4,1953,Gable,None,Fa,No,TA,N,936,936,0,TA,0,,Detchd,Unf,2,Y,60.0,2009,93000
1237,60,RL,CollgCr,7,5,2005,Gable,None,Gd,No,Ex,Y,847,1948,0,Gd,1,Gd,BuiltIn,Fin,2,Y,41.0,2006,195000
877,60,RL,NridgHt,9,5,2005,Hip,Stone,Ex,No,Ex,Y,1462,2224,1,Ex,1,Gd,Attchd,Fin,3,Y,74.0,2009,350000
913,90,RH,Crawfor,5,6,1950,Gable,None,TA,No,TA,N,1001,2002,0,TA,0,,2Types,Unf,3,Y,82.0,2007,145000
152,60,RL,NWAmes,6,5,1971,Gable,BrkFace,TA,No,Gd,Y,1097,1993,0,TA,1,Gd,Attchd,RFn,2,Y,,2006,190000
1338,60,RL,CollgCr,7,5,2002,Gable,None,Gd,No,Ex,Y,920,1861,1,Gd,0,,BuiltIn,RFn,2,Y,95.0,2006,200000
509,20,RL,NAmes,5,6,1959,Gable,BrkFace,TA,No,Ex,Y,1041,1041,1,TA,0,,Attchd,RFn,1,Y,80.0,2009,124500
1135,30,RM,BrkSide,6,5,1950,Gable,None,TA,No,TA,N,986,986,0,TA,1,Gd,Detchd,Unf,1,Y,60.0,2007,102000
1251,120,RL,NridgHt,7,5,2003,Gable,Stone,Gd,No,Ex,Y,1405,1405,0,Gd,1,Gd,Attchd,RFn,2,Y,,2006,171750
103,20,RL,CollgCr,7,5,2009,Gable,None,Gd,No,Ex,Y,1226,1226,0,Gd,0,,Attchd,RFn,3,Y,94.0,2010,198900
586,30,RL,BrkSide,6,7,2000,Gable,None,TA,Mn,Ex,Y,838,838,1,Fa,0,,Detchd,Fin,1,N,55.0,2008,130000
1380,30,RL,Edwards,3,3,1950,Gable,None,TA,No,TA,N,864,864,1,TA,0,,Detchd,Unf,1,Y,45.0,2010,58500
1143,20,RL,Sawyer,5,3,1959,Gable,None,TA,No,TA,Y,1006,1006,0,TA,0,,,,0,Y,,2008,80000
53,20,RL,Veenker,9,5,1987,Gable,None,Ex,Gd,Gd,Y,1842,1842,2,Gd,1,Gd,Attchd,Fin,3,Y,68.0,2006,385000
151,20,RL,NridgHt,8,5,2008,Hip,Stone,Ex,Gd,Ex,Y,1710,1710,1,Gd,1,Gd,Attchd,RFn,3,Y,107.0,2008,372402
403,60,RL,NoRidge,8,5,1998,Hip,BrkFace,Gd,No,Gd,Y,1165,2263,0,Gd,1,TA,BuiltIn,Fin,2,Y,93.0,2006,258000
1416,190,RM,OldTown,4,6,1950,Gable,None,TA,No,Gd,Y,1246,2290,0,TA,0,,Detchd,Unf,2,N,60.0,2010,122500
207,20,RL,NAmes,4,5,1960,Gable,None,TA,No,TA,Y,1100,1100,1,TA,1,Po,Attchd,RFn,1,Y,,2008,141000
1381,20,RL,NAmes,6,7,1970,Gable,None,TA,Mn,Ex,Y,2117,2117,0,TA,2,Gd,Attchd,Fin,2,Y,,2008,237500
1122,20,RL,Edwards,4,3,1956,Gable,None,TA,No,Ex,Y,960,960,0,TA,0,,Basment,Unf,1,Y,,2009,112000
8,50,RM,OldTown,7,5,1950,Gable,None,TA,No,Gd,Y,1022,1774,0,TA,2,TA,Detchd,Unf,2,Y,51.0,2008,129900
1014,20,RL,NAmes,6,5,1950,Gable,BrkFace,TA,No,TA,Y,1082,1082,0,TA,1,Gd,Detchd,Unf,1,Y,60.0,2007,119200
1308,20,RM,OldTown,5,7,2005,Gable,None,TA,No,Ex,Y,1122,1122,1,Gd,0,,Attchd,Unf,2,Y,100.0,2008,147000
1060,120,RL,StoneBr,8,5,2001,Gable,None,Gd,Mn,Ex,Y,1338,1338,1,Gd,0,,Attchd,Fin,2,Y,41.0,2010,213500
452,60,RL,Timber,6,5,1997,Hip,BrkFace,Ex,No,Ex,Y,888,1756,1,TA,0,,Attchd,Fin,2,Y,,2007,204000
253,80,RL,NAmes,6,7,1991,Hip,BrkFace,Gd,Gd,Ex,Y,1302,1302,0,Gd,0,,Attchd,RFn,1,Y,85.0,2007,158000
896,30,RM,IDOTRR,4,6,1950,Gable,None,TA,No,Ex,N,951,951,0,TA,0,,Detchd,Unf,1,Y,50.0,2006,106500
1378,160,RM,BrDale,6,5,1973,Gable,BrkFace,TA,No,TA,Y,483,987,0,TA,0,,Detchd,Unf,1,Y,21.0,2006,83000
880,20,RL,Edwards,5,5,2006,Gable,None,Ex,No,Gd,Y,1090,1090,1,TA,0,,Attchd,Fin,2,Y,60.0,2007,157000
1377,50,RL,Edwards,5,5,1960,Gable,None,TA,No,Ex,Y,984,1604,0,TA,0,,Detchd,Unf,2,Y,60.0,2009,117000
623,160,FV,Somerst,6,5,2000,Gable,BrkFace,Gd,No,Ex,Y,756,1512,0,Gd,1,TA,Detchd,Unf,2,Y,,2007,168500
345,50,RL,BrkSide,6,5,1950,Gable,None,TA,No,Gd,Y,972,1577,0,Fa,1,Gd,Detchd,Unf,1,Y,65.0,2006,140200
1253,60,RL,Veenker,7,7,2003,Gable,None,TA,Gd,TA,Y,1516,2167,1,Gd,2,Gd,Attchd,RFn,2,Y,,2007,294000
262,80,RL,Sawyer,6,7,1995,Gable,BrkFace,Gd,Av,TA,Y,1212,1212,1,TA,1,TA,Attchd,Unf,2,Y,88.0,2006,151000
150,20,RL,CollgCr,5,6,1975,Gable,None,TA,Av,TA,Y,969,969,0,TA,0,,Attchd,Unf,2,Y,120.0,2007,122000
472,180,RM,Edwards,6,5,2005,Gable,BrkFace,Gd,Gd,Ex,Y,1072,1072,1,TA,0,,Basment,RFn,2,Y,35.0,2008,148000
640,120,RL,NridgHt,8,5,2004,Hip,BrkFace,Ex,Gd,Ex,Y,1518,1518,0,Ex,1,Gd,Attchd,RFn,2,Y,62.0,2008,274000
1446,20,RL,Mitchel,5,7,1962,Gable,BrkFace,TA,No,TA,Y,1188,1188,0,TA,0,,Attchd,Unf,1,P,,2010,157900
1374,60,FV,Somerst,7,5,2005,Gable,None,Gd,No,Ex,Y,1026,1958,0,Gd,1,Gd,Attchd,Fin,3,Y,85.0,2008,250000
550,120,RL,NPkVill,6,6,1977,Gable,None,Gd,No,TA,Y,1069,1069,0,TA,0,,Attchd,RFn,2,Y,53.0,2008,140000
928,20,RL,CollgCr,8,5,2001,Hip,None,Gd,Av,Ex,Y,1788,1788,0,Ex,1,TA,Attchd,RFn,2,Y,,2009,236500
488,190,RL,OldTown,5,4,1970,Gable,None,TA,No,TA,N,1766,2414,0,TA,1,Gd,Attchd,Unf,2,N,60.0,2006,160000
1321,20,RL,BrkSide,3,6,1950,Hip,None,,,TA,N,720,720,0,TA,0,,Detchd,Unf,1,Y,,2008,72500
1171,20,RL,NAmes,6,6,1958,Hip,None,TA,No,Ex,Y,1261,1261,1,TA,1,TA,Attchd,RFn,2,Y,76.0,2008,163000
146,30,RM,BrkSide,5,7,1993,Gable,None,TA,No,TA,Y,875,875,1,TA,0,,Detchd,Unf,1,Y,51.0,2009,105000
402,30,RL,Sawyer,5,8,1997,Gable,None,TA,No,Ex,Y,672,672,0,TA,0,,Detchd,Unf,1,N,60.0,2008,108000
954,90,RL,Edwards,6,5,1975,Flat,BrkFace,Gd,Gd,TA,Y,980,980,0,TA,0,,,,0,Y,35.0,2006,127500
1404,50,RL,OldTown,3,4,1950,Gable,None,TA,No,TA,Y,694,1214,0,TA,0,,Detchd,Unf,3,Y,60.0,2006,105000
659,20,RL,Edwards,5,7,1999,Hip,None,TA,No,Ex,Y,1486,1486,1,TA,0,,Detchd,Fin,2,Y,75.0,2009,167000
463,70,RL,Crawfor,6,7,1995,Hip,None,TA,No,Fa,Y,849,1660,0,TA,1,Gd,Detchd,Unf,1,Y,74.0,2008,188700
186,80,RL,Mitchel,7,5,1991,Gable,None,Gd,Av,Ex,Y,1217,1217,1,Gd,0,,Attchd,Unf,2,Y,,2009,173000
1147,70,RL,Crawfor,7,7,1950,Gable,None,TA,No,Ex,Y,860,1564,0,Fa,1,Gd,Attchd,Unf,1,Y,75.0,2009,174500
1224,60,RL,Gilbert,7,5,2005,Gable,None,Gd,Av,Ex,Y,788,1490,1,Gd,1,Gd,Attchd,Fin,2,Y,60.0,2008,184000
608,70,RL,Crawfor,8,6,1998,Gable,None,Gd,Mn,TA,Y,1940,3194,0,TA,2,Gd,Basment,Unf,2,Y,78.0,2007,359100
143,20,RL,CollgCr,7,5,1999,Gable,BrkFace,Gd,Gd,Ex,Y,1501,1501,1,Gd,0,,Attchd,RFn,2,Y,78.0,2009,204000
751,60,RL,Gilbert,7,5,2003,Gable,None,Gd,No,Ex,Y,660,1320,0,Gd,0,,Attchd,Fin,2,Y,,2007,162000
981,60,RL,NoRidge,8,5,1999,Hip,BrkFace,Gd,No,Ex,Y,1276,2612,1,Gd,1,TA,Attchd,Fin,3,Y,98.0,2009,336000
197,75,RL,NAmes,8,4,1990,Gable,None,TA,No,Gd,Y,1360,3112,1,Gd,1,Ex,Detchd,Unf,2,Y,174.0,2006,235000
883,75,RL,SWISU,4,5,1950,Gable,None,TA,No,TA,N,954,2230,1,TA,0,,Detchd,Unf,1,Y,60.0,2006,118500
279,60,RL,ClearCr,7,5,1977,Hip,BrkFace,Gd,No,Ex,Y,1156,2022,0,TA,1,TA,Attchd,Fin,2,Y,83.0,2008,192000
293,60,RL,NWAmes,7,7,1994,Gable,BrkFace,TA,No,Fa,Y,1468,2263,1,Gd,1,TA,Attchd,Fin,2,Y,,2006,235000
1329,60,RL,Gilbert,7,5,1998,Hip,None,Gd,No,Gd,Y,955,1632,0,TA,1,TA,Attchd,Fin,2,Y,63.0,2006,176500
400,120,RL,Veenker,8,5,1996,Gable,None,Gd,No,Ex,Y,1288,1288,1,Ex,2,Gd,Attchd,Fin,2,Y,38.0,2008,245500
122,20,RL,NAmes,6,7,1958,Hip,BrkFace,TA,No,Gd,Y,1080,1080,0,TA,0,,Attchd,Unf,1,Y,75.0,2008,136000
1207,20,RL,CollgCr,6,5,2003,Gable,BrkFace,Gd,Av,Ex,Y,1700,1700,1,Gd,0,,Attchd,RFn,2,Y,70.0,2006,200000
202,50,RL,OldTown,6,6,1950,Gable,None,Fa,No,Gd,Y,865,1310,0,TA,0,,Attchd,Unf,1,Y,50.0,2006,112000
835,20,RL,Sawyer,4,7,1995,Gable,None,Gd,No,TA,Y,1067,1067,0,Gd,0,,Attchd,Unf,2,Y,60.0,2010,128000
246,190,RM,OldTown,6,8,1950,Gable,None,Fa,No,Gd,N,908,1928,0,Fa,0,,Detchd,Unf,1,Y,69.0,2006,137000
1386,60,RL,NWAmes,7,5,1978,Gable,BrkFace,Gd,No,TA,Y,1392,2784,1,Gd,2,TA,Attchd,RFn,2,Y,80.0,2006,250000
1372,60,RL,CollgCr,7,6,1998,Gable,None,Gd,Av,Ex,Y,1108,2097,1,Gd,1,TA,Detchd,RFn,2,Y,75.0,2006,274300
1153,30,RM,IDOTRR,6,8,2007,Gable,None,TA,Av,Ex,Y,816,816,0,TA,0,,Detchd,Unf,1,Y,,2008,120500
384,60,RL,ClearCr,6,5,1992,Gable,None,Gd,Av,Ex,Y,1079,1953,1,Gd,2,Fa,Attchd,Fin,2,Y,,2007,240000
1288,120,RL,StoneBr,8,5,2000,Gable,None,Gd,No,Ex,Y,1659,1659,1,Ex,1,Ex,Attchd,Fin,2,Y,40.0,2009,278000
854,20,RL,Sawyer,5,4,1974,Hip,None,TA,Mn,TA,Y,1779,1779,1,TA,1,Gd,Attchd,Unf,2,Y,102.0,2006,170000
219,120,RL,Blmngtn,7,5,2006,Gable,BrkFace,Gd,Av,Ex,Y,1248,1248,0,Gd,0,,Attchd,Fin,2,Y,43.0,2006,167240
641,60,FV,Somerst,7,5,2001,Gable,None,Gd,No,Ex,Y,1057,1929,1,Gd,1,TA,Attchd,Fin,2,Y,,2007,226000
1,20,RL,Veenker,6,8,1976,Gable,None,Gd,Gd,Ex,Y,1262,1262,0,TA,1,TA,Attchd,RFn,2,Y,80.0,2007,181500
112,60,RL,CollgCr,7,5,2007,Gable,Stone,Ex,Av,Ex,Y,1282,2696,1,Ex,1,Gd,BuiltIn,Fin,3,Y,77.0,2007,383970
698,20,RL,Sawyer,5,8,2009,Gable,None,TA,No,Ex,Y,894,894,1,TA,1,Gd,Detchd,Unf,1,Y,65.0,2010,138500
1393,190,RM,OldTown,6,7,2000,Gable,None,Fa,No,Ex,N,1221,1912,0,TA,1,TA,Detchd,Unf,2,Y,60.0,2008,163000
951,20,RH,SawyerW,5,5,1965,Gable,None,TA,No,Gd,Y,965,965,1,TA,0,,Detchd,Unf,1,Y,60.0,2006,119900
1283,90,RL,Mitchel,6,5,1971,Mansard,None,TA,Av,TA,Y,912,1824,0,TA,0,,,,0,Y,94.0,2010,139000
1318,20,RL,CollgCr,8,5,2002,Hip,BrkFace,Gd,Gd,Ex,Y,1787,1787,0,Gd,1,TA,Attchd,RFn,3,Y,,2006,275000
441,90,RL,Edwards,4,4,1955,Gable,BrkFace,TA,No,TA,N,1440,1440,0,Fa,0,,,,0,Y,92.0,2008,118000
1136,50,RL,NAmes,6,5,1950,Gable,None,TA,No,TA,Y,1032,1252,0,TA,0,,Attchd,Unf,1,Y,80.0,2008,119000
1256,20,RL,NoRidge,8,5,1994,Hip,BrkFace,Gd,Gd,Ex,Y,1987,1987,1,Gd,1,TA,Attchd,Fin,2,Y,91.0,2008,301500
663,85,RL,Edwards,4,5,1972,Gable,None,Gd,Av,TA,Y,1181,1181,1,TA,0,,Detchd,RFn,2,Y,90.0,2008,137500
1433,60,RL,Gilbert,6,5,2000,Gable,BrkFace,Gd,No,Ex,Y,962,1792,1,TA,1,TA,Attchd,Fin,2,Y,93.0,2008,186500
1257,30,RL,Edwards,5,8,1950,Gable,None,Fa,No,Ex,Y,864,864,0,TA,0,,,,0,Y,56.0,2009,99900
1296,20,RL,NAmes,5,6,1963,Hip,BrkFace,TA,Mn,Gd,Y,1128,1128,1,TA,0,,Attchd,RFn,2,Y,80.0,2008,155000
317,60,FV,Somerst,8,5,2006,Gable,None,Gd,Av,Ex,Y,1088,1959,0,Gd,1,Gd,Attchd,RFn,3,Y,75.0,2007,270000
648,60,RL,NAmes,6,5,1966,Gable,BrkFace,TA,No,TA,Y,1051,1839,0,TA,1,TA,Attchd,Unf,2,Y,70.0,2010,155000
709,20,RL,Sawyer,5,7,1966,Gable,BrkCmn,TA,No,TA,Y,904,904,0,TA,0,,Attchd,Unf,1,Y,,2008,109900
1282,20,RL,CollgCr,5,7,2008,Gable,None,Gd,Mn,TA,Y,1040,1040,0,Gd,0,,Detchd,Unf,2,Y,61.0,2009,150500
972,120,RL,SawyerW,6,5,1979,Gable,None,Gd,No,TA,Y,918,918,0,TA,1,TA,Attchd,Unf,1,Y,55.0,2010,99500
627,80,RL,NAmes,6,6,1972,Gable,BrkFace,TA,Av,Ex,Y,1520,1520,1,TA,2,Gd,Basment,RFn,1,Y,80.0,2010,153000
632,20,RL,NWAmes,7,5,1977,Hip,BrkFace,TA,No,TA,Y,1411,1411,0,TA,1,TA,Attchd,Fin,2,Y,85.0,2009,82500
1248,75,RM,OldTown,6,5,1950,Gable,None,Gd,No,Fa,N,1134,2058,0,TA,1,Gd,Detchd,Unf,2,P,60.0,2008,129500
1423,80,RL,Edwards,6,7,1966,Flat,None,Gd,Av,TA,Y,1575,2201,0,Gd,1,Gd,Attchd,Unf,2,Y,,2006,274970
1254,60,RL,Edwards,7,5,2004,Gable,Stone,Gd,No,Ex,Y,760,1656,0,Gd,1,Gd,BuiltIn,Fin,2,Y,60.0,2008,165400
1348,20,RL,SawyerW,7,5,1998,Gable,None,Gd,Gd,Ex,Y,1494,1494,1,Gd,1,Fa,Attchd,RFn,2,Y,,2007,215000
795,60,RL,SawyerW,6,6,1981,Gable,BrkFace,Gd,No,TA,Y,888,1564,0,TA,1,TA,Attchd,Unf,2,Y,70.0,2010,171000
645,20,RL,NAmes,6,5,1971,Hip,None,TA,No,TA,Y,981,981,1,TA,0,,Detchd,Unf,2,Y,,2007,143250
1012,70,RL,Crawfor,6,7,1996,Hip,None,TA,No,TA,Y,900,1502,0,Gd,2,TA,Detchd,Unf,1,Y,55.0,2007,165000
556,20,RL,NAmes,5,5,1957,Gable,None,TA,No,TA,Y,1092,1092,1,TA,1,TA,Attchd,Fin,1,Y,69.0,2006,141000
681,50,RH,SWISU,5,5,2000,Gable,None,TA,No,Ex,Y,848,1520,0,TA,0,,Detchd,Unf,1,Y,55.0,2009,159434
577,80,RL,Sawyer,5,6,1966,Gable,BrkFace,TA,Av,Ex,Y,1320,1320,1,TA,2,Fa,Attchd,RFn,2,Y,96.0,2006,164500
1109,20,RL,NridgHt,8,5,2005,Gable,Stone,Ex,Mn,Ex,Y,1836,1836,1,Gd,1,Gd,Attchd,Fin,3,Y,107.0,2009,280000
1266,190,RM,OldTown,7,4,1950,Hip,None,TA,No,TA,N,964,1889,0,TA,1,Gd,Detchd,Unf,1,N,60.0,2007,122000
1183,30,RL,OldTown,5,6,1950,Hip,None,TA,No,Ex,Y,1130,1130,1,TA,1,Gd,Detchd,Unf,2,Y,60.0,2006,120000
524,60,RL,NoRidge,7,5,1997,Gable,BrkFace,Gd,No,Ex,Y,1383,2398,1,Gd,1,TA,Attchd,Fin,3,Y,95.0,2007,315750
1059,50,RL,Crawfor,6,7,1950,Gable,BrkFace,TA,Mn,TA,Y,1096,1991,0,TA,1,Gd,Detchd,Unf,2,Y,,2007,220000
540,20,RL,Timber,9,5,2006,Hip,BrkFace,Ex,Av,Ex,Y,1838,1838,1,Ex,1,Gd,Attchd,Fin,3,Y,85.0,2009,315000
1194,60,RL,Sawyer,6,7,1969,Gable,Stone,TA,No,TA,Y,663,1352,0,TA,0,,Attchd,Fin,1,Y,80.0,2010,158000
748,20,RL,NoRidge,7,5,1996,Hip,BrkFace,Gd,No,Ex,Y,1720,1720,1,Gd,1,TA,Attchd,Fin,2,Y,59.0,2010,260400
1351,60,RL,NAmes,6,6,1962,Gable,BrkFace,TA,No,Ex,Y,858,1716,0,TA,1,Gd,Attchd,Fin,2,Y,70.0,2008,171000
484,20,RL,Sawyer,5,7,2001,Gable,None,TA,No,Gd,Y,999,999,1,Gd,0,,Detchd,Unf,1,Y,,2007,132500
95,60,RL,Gilbert,6,8,1993,Gable,BrkFace,Gd,No,Gd,Y,680,1470,0,TA,1,TA,BuiltIn,Fin,2,Y,,2009,185000
1020,20,RL,Edwards,4,5,2005,Gable,None,Gd,No,Ex,Y,1132,1132,1,Gd,0,,Attchd,Fin,2,Y,60.0,2008,176000
563,50,RL,Edwards,6,7,1950,Gable,None,Gd,Mn,Ex,Y,1163,1674,0,TA,1,Gd,Detchd,Fin,2,N,66.0,2008,185000
1264,120,RH,NAmes,6,5,1999,Gable,None,Gd,No,Ex,Y,1337,1337,1,Gd,0,,Attchd,Fin,2,Y,34.0,2008,181000
742,20,RL,SawyerW,7,5,2001,Gable,BrkFace,Gd,No,Ex,Y,1349,1349,0,TA,0,,Attchd,Unf,2,Y,65.0,2007,179000
863,20,RL,NAmes,5,5,1959,Hip,None,TA,No,TA,Y,1148,1148,1,TA,0,,Attchd,Unf,1,Y,70.0,2009,132500
891,60,RL,Sawyer,6,5,1978,Hip,BrkFace,TA,No,Gd,Y,918,1683,0,TA,1,TA,Attchd,RFn,2,Y,70.0,2009,172500
1038,160,RM,MeadowV,4,6,2008,Gable,None,TA,No,TA,Y,798,1344,0,TA,1,TA,,,0,Y,21.0,2009,97000
206,20,RL,Sawyer,5,5,1962,Gable,None,TA,No,TA,Y,1696,1696,0,TA,1,TA,Attchd,RFn,1,Y,40.0,2007,143900
392,20,RL,NAmes,5,7,1959,Gable,None,,,TA,Y,882,882,0,TA,0,,Attchd,RFn,1,Y,,2007,106500
794,60,RL,Gilbert,7,5,1996,Gable,None,Gd,No,Ex,Y,1086,1895,0,Gd,1,TA,Attchd,Fin,2,Y,,2008,194500
870,20,RL,NAmes,5,5,1962,Hip,None,TA,No,Gd,N,894,894,0,TA,0,,Detchd,Unf,1,Y,60.0,2009,109500
397,60,RL,NAmes,5,5,1962,Gable,BrkFace,TA,No,TA,Y,876,1812,0,TA,1,TA,Attchd,RFn,1,Y,69.0,2007,169500
766,60,RL,NWAmes,7,5,1988,Gable,BrkFace,Gd,No,TA,Y,980,1714,0,TA,1,TA,Attchd,Unf,2,Y,80.0,2010,196500
1341,20,RL,SawyerW,6,5,2004,Gable,None,Gd,No,Ex,Y,1114,1114,1,Gd,0,,Detchd,Unf,2,Y,66.0,2008,155000
1241,20,RL,Somerst,7,6,2007,Hip,Stone,Gd,Av,Ex,Y,1689,1689,0,Gd,0,,Attchd,RFn,3,Y,83.0,2007,248328
1028,50,RL,NAmes,5,5,1950,Gable,None,TA,No,TA,Y,968,1376,1,TA,1,Gd,Attchd,Unf,1,Y,79.0,2007,105000
642,80,RL,NAmes,8,7,1995,Gable,None,Gd,Gd,Gd,Y,2000,2704,1,Ex,3,TA,Attchd,Fin,2,Y,75.0,2009,345000
612,60,RL,CollgCr,8,5,2001,Gable,BrkFace,Gd,Av,Ex,Y,1299,1872,1,Ex,1,TA,BuiltIn,RFn,2,Y,,2009,261500
960,20,RL,BrkSide,5,7,2008,Gable,None,TA,Gd,Gd,Y,858,858,1,TA,0,,,,0,Y,50.0,2010,116500
725,20,RL,NAmes,4,6,1970,Gable,None,TA,No,TA,Y,864,864,0,Gd,0,,Detchd,Unf,2,Y,60.0,2009,120500
683,20,RL,CollgCr,9,5,2002,Hip,Stone,Gd,Av,Ex,Y,1668,1668,1,Gd,1,TA,Attchd,Fin,3,Y,90.0,2007,285000
98,30,RL,Edwards,5,5,1950,Gable,None,TA,No,Fa,N,835,835,0,TA,0,,Basment,Unf,1,Y,85.0,2010,83000
804,20,RL,NAmes,5,5,1954,Gable,None,TA,No,TA,Y,1128,1128,0,TA,0,,Attchd,Unf,1,Y,75.0,2006,118000
406,50,RL,SWISU,6,5,1950,Gable,None,TA,No,Ex,Y,1166,1639,0,TA,0,,Detchd,Unf,1,Y,51.0,2008,115000
502,20,RL,Edwards,5,7,1965,Hip,None,TA,No,Ex,Y,1214,1214,1,TA,0,,Detchd,Unf,2,Y,70.0,2007,140000
1071,60,RL,NWAmes,6,6,1968,Gable,None,TA,No,Ex,Y,829,1556,0,TA,0,,Attchd,Unf,2,Y,78.0,2009,154000
1056,120,RL,NridgHt,7,5,2005,Gable,Stone,Gd,Av,Ex,Y,1364,1364,1,Gd,1,Gd,Attchd,RFn,2,Y,43.0,2006,185850
929,60,RL,Gilbert,7,5,1997,Gable,BrkFace,Gd,No,Gd,Y,993,2236,0,Gd,1,TA,BuiltIn,Fin,2,Y,,2006,222000
779,90,RL,Mitchel,6,5,1977,Gable,BrkFace,Gd,Gd,TA,Y,1004,1004,1,TA,0,,Attchd,Unf,2,Y,78.0,2006,135000
200,20,RM,Edwards,4,5,2004,Gable,None,Gd,No,Ex,Y,1121,1121,0,TA,0,,Attchd,RFn,2,Y,80.0,2010,140000
134,20,RL,Sawyer,5,6,1993,Gable,None,TA,No,Gd,Y,1721,1721,0,TA,1,TA,Attchd,RFn,2,Y,78.0,2006,180000
1051,20,RL,CollgCr,7,5,2007,Gable,None,Gd,Av,Ex,Y,1316,1316,0,Gd,1,Gd,Attchd,Fin,2,Y,103.0,2007,200141
40,20,RL,NAmes,6,5,1965,Gable,BrkFace,TA,No,Ex,Y,1324,1324,0,TA,1,TA,Attchd,RFn,2,Y,84.0,2006,160000
1017,120,RL,StoneBr,8,5,1984,Gable,None,Gd,Av,Gd,Y,1360,1360,1,Gd,1,Ex,Attchd,RFn,2,Y,,2009,187500
230,20,RL,NAmes,6,6,1959,Hip,BrkFace,TA,No,TA,Y,1194,1194,1,TA,0,,Attchd,RFn,1,Y,73.0,2010,148000
378,20,RL,StoneBr,9,2,2010,Hip,Stone,Ex,Av,Ex,Y,1856,1856,1,Ex,1,Ex,Attchd,Fin,3,Y,88.0,2010,394432
288,20,RL,Sawyer,5,5,1967,Gable,BrkFace,TA,No,TA,Y,900,900,0,TA,0,,Detchd,Unf,1,Y,,2010,122000
418,50,RL,Edwards,5,6,1950,Gable,None,TA,No,Fa,N,756,1134,1,TA,0,,Detchd,Unf,1,P,60.0,2007,126000
391,60,RL,Mitchel,6,5,2002,Gable,None,Ex,No,Ex,Y,804,1961,1,Gd,1,TA,BuiltIn,Fin,2,Y,71.0,2009,215000
592,20,RL,Mitchel,5,8,2003,Gable,None,TA,No,Ex,Y,816,816,1,TA,0,,Detchd,Fin,2,Y,60.0,2008,138000
1162,20,RL,Sawyer,5,5,1968,Gable,None,Gd,No,Gd,Y,894,894,0,TA,1,Po,Attchd,Fin,2,Y,109.0,2007,129000
1086,160,RM,MeadowV,4,5,1973,Gable,None,TA,No,TA,Y,546,1092,0,TA,0,,Attchd,RFn,1,Y,,2010,83500
647,20,RL,Edwards,6,5,1953,Hip,Stone,TA,Mn,Ex,Y,1094,1094,0,TA,2,Gd,Attchd,RFn,2,Y,85.0,2008,155000
1152,20,RL,Crawfor,6,7,2004,Gable,None,TA,No,Ex,Y,1811,1811,0,Ex,1,Gd,Attchd,Fin,2,Y,90.0,2006,230000
520,190,RL,OldTown,4,7,2000,Gable,None,,,TA,N,694,1294,0,TA,0,,,,0,N,60.0,2008,106250
64,60,RL,CollgCr,7,5,1998,Gable,BrkFace,Gd,No,Ex,Y,1057,2034,1,Gd,0,,Attchd,RFn,2,Y,,2009,219500
14,20,RL,NAmes,6,5,1960,Hip,BrkFace,TA,No,TA,Y,1253,1253,1,TA,1,Fa,Attchd,RFn,1,Y,,2008,157000
1180,60,RL,Timber,7,5,1991,Gable,None,Gd,No,Ex,Y,1298,2514,0,TA,0,,Attchd,Fin,2,Y,,2006,250000
1064,20,RL,NAmes,5,6,1966,Gable,BrkFace,TA,Mn,Ex,Y,1154,1154,0,TA,1,Po,Attchd,RFn,2,Y,,2009,154000
492,60,RL,Gilbert,6,5,2006,Gable,None,Gd,No,Gd,Y,728,1456,0,TA,0,,Attchd,RFn,2,Y,105.0,2006,172785
379,60,RL,Gilbert,6,5,2000,Gable,BrkFace,Gd,No,Ex,Y,1007,1800,0,TA,1,TA,Attchd,Fin,2,Y,60.0,2009,179000
187,50,RL,OldTown,5,7,1987,Gable,None,Fa,No,Ex,Y,808,1656,0,TA,0,,Detchd,Unf,1,N,60.0,2009,135000
763,60,RL,NoRidge,8,5,1999,Gable,BrkFace,Gd,Mn,Ex,Y,1268,2365,1,Gd,1,Gd,Attchd,RFn,3,Y,82.0,2009,337000
216,20,RL,CollgCr,7,5,2004,Gable,BrkFace,Gd,Mn,Ex,Y,1436,1436,1,Gd,0,,Attchd,Unf,2,Y,65.0,2008,210000
791,80,RL,Mitchel,6,5,1976,Gable,None,Gd,Av,TA,Y,1062,1062,1,TA,2,TA,Attchd,RFn,2,Y,,2007,146800
1076,50,RL,OldTown,5,8,1989,Gable,None,Fa,No,Gd,Y,1096,1466,0,Gd,1,TA,Attchd,Unf,2,Y,60.0,2006,170000
878,85,RL,Sawyer,5,7,1995,Gable,None,TA,Av,TA,Y,1155,1155,1,Gd,0,,Detchd,Unf,2,Y,88.0,2010,148000
337,20,RL,CollgCr,7,5,2003,Gable,BrkFace,Gd,Av,Ex,Y,1536,1536,1,Gd,0,,Attchd,RFn,2,Y,70.0,2008,214000
719,20,RL,CollgCr,5,6,1969,Gable,None,Gd,Gd,TA,Y,971,971,0,TA,1,Po,Attchd,Unf,1,Y,69.0,2006,128500
295,80,RL,Mitchel,6,6,1984,Gable,None,TA,Av,TA,Y,1003,1003,1,TA,0,,Detchd,Unf,2,Y,37.0,2006,142500
1016,20,RL,CollgCr,7,5,1996,Hip,BrkFace,Gd,Gd,Ex,Y,1504,1504,1,Gd,1,TA,Attchd,Fin,2,Y,73.0,2009,203000
1275,90,RL,NAmes,5,5,1950,Gable,Stone,TA,No,Gd,Y,928,1920,0,TA,0,,Detchd,Unf,2,Y,95.0,2007,137000
455,20,RL,NWAmes,7,6,1973,Hip,BrkFace,TA,No,Fa,Y,1242,1242,0,TA,1,TA,Attchd,Unf,2,Y,80.0,2007,175500
1457,70,RL,Crawfor,7,9,2006,Gable,None,TA,No,Ex,Y,1188,2340,0,Gd,2,Gd,Attchd,RFn,1,Y,66.0,2010,266500
815,20,RL,CollgCr,7,5,1998,Gable,BrkFace,Gd,No,Ex,Y,1661,1661,0,Gd,0,,Attchd,RFn,2,Y,48.0,2010,224900
269,20,RL,Edwards,6,7,1976,Hip,BrkFace,TA,No,TA,Y,1113,1113,1,TA,1,Fa,Attchd,RFn,1,Y,,2007,148000
995,50,RL,BrkSide,4,7,1950,Gable,None,TA,No,TA,Y,774,1230,1,TA,0,,Detchd,Unf,1,Y,51.0,2006,121600
201,20,RL,Mitchel,6,6,1977,Gable,None,TA,No,TA,Y,1279,1279,0,TA,2,Fa,Detchd,Unf,2,Y,75.0,2008,171500
161,60,RL,NridgHt,9,5,2004,Gable,BrkFace,Ex,Av,Ex,Y,1572,2668,1,Ex,2,Gd,BuiltIn,Fin,3,Y,110.0,2008,412500
729,30,RM,IDOTRR,4,5,1950,Gable,None,TA,No,TA,Y,848,1208,0,TA,0,,Detchd,Unf,2,Y,52.0,2009,103000
401,20,RL,CollgCr,7,5,2005,Gable,None,Gd,Av,Ex,Y,1310,1310,0,Gd,1,Gd,Attchd,Fin,2,Y,65.0,2006,164990
702,60,RL,StoneBr,8,5,2006,Hip,BrkFace,Ex,No,Ex,Y,1264,2576,0,Ex,1,Gd,BuiltIn,Fin,3,Y,82.0,2006,361919
1129,90,RM,OldTown,5,5,1980,Gable,BrkFace,Gd,Gd,TA,Y,936,936,1,TA,0,,Detchd,Unf,2,Y,60.0,2007,140000
565,70,RL,SWISU,6,4,1950,Gable,None,Gd,No,TA,N,841,1647,1,Fa,0,,Detchd,Unf,1,Y,66.0,2010,128000
1021,20,RL,CollgCr,7,5,2006,Gable,Stone,Gd,Av,Ex,Y,1220,1220,1,Gd,0,,Attchd,RFn,2,Y,64.0,2006,194000
1025,20,RL,CollgCr,5,5,1972,Gable,None,TA,No,TA,Y,882,882,1,TA,0,,Detchd,Unf,2,Y,70.0,2007,112500
1104,160,RM,BrDale,5,5,1970,Gable,BrkFace,TA,No,TA,Y,630,1302,0,TA,0,,Detchd,Unf,2,Y,24.0,2007,106000
205,20,RL,Gilbert,7,5,1990,Gable,None,Gd,No,Ex,Y,1442,1442,0,TA,0,,Attchd,RFn,2,Y,99.0,2009,180500
34,120,RL,NridgHt,9,5,2005,Hip,BrkFace,Ex,No,Ex,Y,1561,1561,1,Ex,1,Gd,Attchd,Fin,2,Y,60.0,2007,277500
775,120,RM,Mitchel,6,5,1998,Hip,BrkFace,Ex,No,Ex,Y,1204,1204,1,TA,0,,Attchd,Fin,2,Y,32.0,2009,162000
508,70,RM,OldTown,7,9,2005,Gambrel,None,TA,No,Ex,Y,689,1378,0,Gd,1,Gd,Detchd,Unf,2,N,60.0,2008,161000
1441,120,RM,CollgCr,6,5,2004,Gable,BrkFace,Gd,Av,Ex,Y,848,848,1,Gd,1,TA,Attchd,RFn,2,Y,,2008,149300
1390,20,RL,CollgCr,7,5,2000,Gable,BrkFace,Gd,Av,Ex,Y,1525,1525,1,Gd,0,,Attchd,RFn,2,Y,70.0,2006,235000
91,20,RL,NAmes,5,3,1961,Hip,BrkCmn,TA,No,TA,Y,1235,1235,0,TA,0,,Attchd,Unf,2,Y,85.0,2006,98600
1363,60,RL,Gilbert,6,5,2007,Gable,None,Gd,No,Ex,Y,616,1412,0,Gd,1,Gd,BuiltIn,Fin,2,Y,73.0,2007,156932
897,90,RL,SawyerW,5,5,1979,Gable,None,,,TA,Y,1120,2240,0,TA,0,,Detchd,Unf,2,Y,64.0,2009,142953
564,60,RL,NoRidge,7,5,2000,Gable,None,Gd,No,Ex,Y,1166,2295,1,Gd,1,TA,Attchd,RFn,2,Y,,2006,268000
1369,20,RL,CollgCr,8,5,2003,Hip,BrkFace,Gd,Av,Ex,Y,1668,1668,1,Gd,1,TA,Attchd,Fin,2,Y,48.0,2010,232000
776,20,RL,CollgCr,7,5,2006,Gable,BrkFace,Gd,Av,Ex,Y,1614,1614,0,Gd,0,,Attchd,RFn,3,Y,86.0,2006,221500
241,30,RM,OldTown,5,9,1997,Gable,None,TA,No,Gd,Y,866,866,0,Gd,0,,,,0,Y,40.0,2007,110500
13,20,RL,CollgCr,7,5,2007,Gable,Stone,Gd,Av,Ex,Y,1494,1494,0,Gd,1,Gd,Attchd,RFn,3,Y,91.0,2007,279500
315,60,RL,Gilbert,7,5,2005,Gable,None,Gd,No,Ex,Y,716,1432,1,Gd,1,Gd,Attchd,Fin,2,Y,71.0,2009,188500
600,60,RL,NridgHt,8,5,2005,Gable,BrkFace,Gd,Av,Ex,Y,1058,1904,1,Ex,1,Gd,BuiltIn,Fin,2,Y,74.0,2006,275000
387,80,RL,Edwards,6,6,1976,Hip,BrkFace,TA,Av,Ex,Y,1125,1125,1,TA,1,Fa,Detchd,Unf,1,Y,72.0,2009,125000
1297,180,RM,Edwards,6,5,2006,Gable,BrkFace,Gd,Gd,Gd,Y,1072,1072,1,TA,0,,Basment,Fin,2,Y,35.0,2006,140000
166,20,RL,ClearCr,5,5,1993,Hip,None,TA,No,Ex,Y,1867,1867,1,TA,3,Gd,Attchd,Fin,1,Y,,2009,190000
840,70,RH,SWISU,6,8,1950,Gable,None,TA,No,TA,N,810,1482,0,Fa,0,,Detchd,Unf,1,P,,2008,140000
20,60,RL,NridgHt,8,5,2006,Gable,BrkFace,Ex,Av,Ex,Y,1158,2376,0,Gd,1,Gd,BuiltIn,RFn,3,Y,101.0,2006,325300
646,20,RL,NAmes,5,5,1950,Hip,None,,,Gd,Y,1048,1048,0,TA,0,,Detchd,Unf,2,Y,60.0,2008,98300
1154,60,RL,NAmes,7,6,1988,Gable,Stone,TA,Gd,TA,Y,902,1820,0,Gd,2,Gd,Attchd,Unf,2,Y,,2008,201800
831,160,FV,Somerst,7,5,2005,Gable,None,Gd,No,Ex,Y,520,1200,0,Gd,0,,Detchd,RFn,2,Y,30.0,2006,151000
1267,20,RL,Timber,9,5,2009,Hip,None,Ex,Gd,Ex,Y,2018,2018,0,Ex,1,Gd,Attchd,Fin,3,Y,89.0,2010,378500
562,30,RL,Edwards,5,6,1969,Gable,None,TA,No,Ex,Y,996,996,1,TA,1,Gd,,,0,Y,63.0,2008,108000
1422,120,RM,CollgCr,6,5,2003,Gable,BrkFace,Gd,Av,Ex,Y,848,848,1,Gd,0,,Attchd,Fin,2,Y,37.0,2008,136500
686,60,FV,Somerst,7,6,2007,Gable,None,Gd,No,Ex,Y,874,1761,0,Gd,0,,Attchd,Fin,2,Y,84.0,2007,227875
957,20,RL,Sawyer,5,5,1962,Hip,None,TA,No,TA,Y,1057,1057,0,TA,0,,Detchd,Fin,2,Y,70.0,2007,132000
189,120,RL,StoneBr,8,5,2002,Gable,None,Ex,Av,Ex,Y,1593,1593,1,Ex,1,Gd,Attchd,Fin,2,Y,41.0,2008,286000
975,160,FV,Somerst,7,5,2000,Gable,None,Gd,No,Ex,Y,673,1382,1,Gd,0,,Detchd,Unf,2,Y,,2006,165000
699,120,FV,Somerst,7,5,2004,Gable,None,Gd,Mn,Ex,Y,1391,1391,0,Gd,0,,Attchd,RFn,2,Y,59.0,2008,196000
510,20,RL,NAmes,5,7,2000,Hip,BrkCmn,TA,No,Ex,Y,1363,1363,1,TA,2,TA,CarPort,Unf,1,Y,75.0,2009,164900
1082,20,RL,CollgCr,7,5,2002,Gable,BrkFace,Gd,No,Ex,Y,1459,1459,0,Gd,1,Gd,Attchd,RFn,2,Y,70.0,2007,192000
474,120,RL,StoneBr,8,5,2000,Gable,None,Gd,Av,Ex,Y,1652,1652,1,Ex,0,,Attchd,RFn,2,Y,41.0,2007,251000
856,80,RL,CollgCr,6,6,1978,Gable,None,Gd,Gd,TA,Y,1026,1026,1,TA,0,,Detchd,Unf,2,Y,,2008,147000
747,70,RM,OldTown,7,7,2003,Mansard,None,TA,No,TA,N,1320,2640,0,Gd,1,Gd,Detchd,Unf,4,N,65.0,2009,265979
252,60,RL,SawyerW,6,5,2004,Gable,None,Gd,No,Ex,Y,798,1640,0,Gd,0,,Attchd,RFn,2,Y,65.0,2008,173000
21,45,RM,IDOTRR,7,7,1950,Gable,None,TA,No,Ex,Y,1108,1108,0,Gd,1,Gd,Attchd,Unf,1,N,57.0,2007,139400
1337,30,RM,OldTown,4,4,1950,Gable,None,TA,No,Fa,N,693,693,0,Fa,0,,,,0,N,153.0,2006,52500
459,50,RL,BrkSide,5,4,1950,Gable,BrkCmn,TA,No,TA,Y,979,1203,1,Gd,1,TA,Detchd,Unf,1,Y,,2009,110000
1184,20,RL,Timber,5,4,1963,Hip,BrkFace,TA,Gd,Gd,Y,1572,1572,1,TA,2,TA,2Types,RFn,3,Y,50.0,2007,186700
276,20,RL,Mitchel,7,5,2003,Gable,None,Ex,No,Ex,Y,1560,1560,0,Gd,0,,Attchd,Fin,2,Y,129.0,2010,201000
955,90,RH,Crawfor,6,6,1950,Gable,BrkFace,Gd,No,TA,N,979,1958,0,TA,0,,Attchd,Unf,2,Y,82.0,2007,145000
1215,20,RL,Sawyer,5,5,1966,Gable,None,TA,No,TA,Y,894,894,0,TA,0,,Detchd,RFn,1,Y,99.0,2007,125000
385,120,RL,Blmngtn,8,5,2005,Gable,BrkFace,Gd,No,Ex,Y,1269,1269,0,Gd,1,TA,Attchd,Fin,2,Y,43.0,2010,192000
805,20,RL,Somerst,7,5,2008,Gable,Stone,Gd,No,Ex,Y,1428,1428,0,Ex,0,,Attchd,RFn,2,Y,91.0,2008,227680
1437,20,RL,NridgHt,8,5,2008,Hip,Stone,Ex,Av,Ex,Y,1932,1932,1,Ex,1,Gd,Attchd,Fin,3,Y,96.0,2008,394617
343,120,RL,NridgHt,9,5,2005,Hip,BrkFace,Ex,No,Ex,Y,1684,1684,0,Ex,1,Ex,Attchd,RFn,2,Y,63.0,2008,266000
769,60,RL,StoneBr,8,5,2003,Hip,BrkFace,Gd,Gd,Ex,Y,1690,3279,1,Ex,1,Gd,BuiltIn,Fin,3,Y,47.0,2010,538000
1332,20,RL,Edwards,4,6,1958,Gable,None,TA,Mn,Ex,Y,816,816,1,TA,1,Gd,Detchd,Unf,1,Y,67.0,2009,100000
130,60,RL,NAmes,7,6,1966,Gable,BrkFace,TA,No,Ex,Y,1216,2157,0,Gd,2,Gd,Attchd,Fin,2,Y,88.0,2006,226000
871,60,RL,CollgCr,6,5,1998,Gable,BrkFace,Gd,No,Ex,Y,804,1682,0,Gd,0,,Attchd,RFn,2,Y,70.0,2010,200500
1123,20,RL,Edwards,5,9,2008,Hip,None,TA,No,Ex,Y,698,698,0,TA,0,,,,0,Y,50.0,2009,118000
1396,20,RL,Timber,5,5,1950,Gable,None,TA,Av,TA,Y,1687,1687,1,TA,2,TA,Detchd,Unf,2,N,,2010,160000
87,160,FV,Somerst,6,5,2009,Gable,Stone,Gd,Av,Ex,Y,612,1224,0,Gd,0,,Detchd,RFn,2,Y,40.0,2009,164500
330,90,RL,NAmes,5,4,1964,Gable,BrkFace,TA,No,TA,Y,1728,1728,0,TA,0,,Detchd,Unf,1,Y,,2007,119000
1238,20,RL,SawyerW,6,5,2005,Gable,None,Gd,No,Ex,Y,1141,1141,0,TA,0,,Detchd,Unf,2,Y,63.0,2006,142500
466,20,RL,NAmes,7,5,1970,Flat,None,TA,Gd,TA,Y,1277,1277,1,TA,1,Po,Attchd,Unf,2,Y,85.0,2007,167000
121,50,RM,IDOTRR,4,5,1950,Gable,None,TA,No,Gd,Y,772,1123,0,TA,0,,Detchd,Unf,1,P,50.0,2007,100000
1044,20,RL,NWAmes,8,5,1981,Hip,None,Gd,No,TA,Y,2524,2524,1,Gd,1,Gd,Attchd,Fin,2,Y,80.0,2009,278000
1095,20,RL,CollgCr,6,5,2006,Gable,None,Gd,No,Gd,Y,1314,1314,0,Gd,1,Gd,Attchd,RFn,2,Y,78.0,2007,176432
1130,50,RL,SWISU,4,3,1950,Gable,None,TA,No,TA,Y,1328,1981,1,Gd,2,TA,Detchd,Unf,2,Y,65.0,2009,135000
1294,20,RL,Edwards,5,7,1990,Hip,None,TA,No,TA,Y,864,864,1,TA,0,,Detchd,Unf,2,N,60.0,2006,115000
860,50,RL,Crawfor,7,8,1998,Gable,None,TA,No,Gd,Y,912,1426,0,Gd,1,Gd,Detchd,Unf,1,Y,55.0,2007,189950
1126,120,RL,Blmngtn,7,5,2007,Hip,BrkFace,Gd,No,Ex,Y,1555,1555,0,Gd,1,TA,Attchd,Fin,3,Y,53.0,2009,174000
